gameId,teamId,teamCity,teamName,teamTricode,teamSlug,personId,firstName,familyName,nameI,playerSlug,position,comment,jerseyNum,minutes,fieldGoalsMade,fieldGoalsAttempted,fieldGoalsPercentage,threePointersMade,threePointersAttempted,threePointersPercentage,freeThrowsMade,freeThrowsAttempted,freeThrowsPercentage,reboundsOffensive,reboundsDefensive,reboundsTotal,assists,steals,blocks,turnovers,foulsPersonal,points,plusMinusPoints,gameDate,teamId_advanced,teamTricode_advanced,minutes_advanced,effectiveFieldGoalPercentage,trueShootingPercentage,usagePercentage,assistPercentage,assistToTurnover,assistRatio,turnoverRatio,offensiveReboundPercentage,defensiveReboundPercentage,reboundPercentage,offensiveRating,defensiveRating,netRating,possessions,PIE
0022500001,1610612760,Oklahoma City,Thunder,OKC,thunder,1629652,Luguentz,Dort,L. Dort,luguentz-dort,F,,,45:15,2,12,0.167,0,8,0.0,2,2,1.0,2,4,6,5,1,0,1,4,6,2.0,2025-10-21,1610612760,OKC,45:15,0.167,0.233,0.14,0.156,5.0,26.3,5.3,0.038,0.089,0.062,111.9,104.5,7.4,84.0,0.015
0022500001,1610612760,Oklahoma City,Thunder,OKC,thunder,1631096,Chet,Holmgren,C. Holmgren,chet-holmgren,F,,,38:30,11,17,0.647,2,5,0.4,4,4,1.0,2,5,7,2,0,0,3,6,28,-1.0,2025-10-21,1610612760,OKC,38:30,0.706,0.746,0.244,0.08,0.67,8.7,13.0,0.054,0.161,0.103,122.7,119.2,3.4,75.0,0.139
0022500001,1610612760,Oklahoma City,Thunder,OKC,thunder,1628392,Isaiah,Hartenstein,I. Hartenstein,isaiah-hartenstein,C,,,36:51,2,5,0.4,0,1,0.0,2,2,1.0,5,3,8,5,2,0,1,6,6,9.0,2025-10-21,1610612760,OKC,36:51,0.4,0.51,0.083,0.172,5.0,41.7,8.3,0.125,0.079,0.103,121.7,102.7,19.0,69.0,0.071
0022500001,1610612760,Oklahoma City,Thunder,OKC,thunder,1641717,Cason,Wallace,C. Wallace,cason-wallace,G,,,41:39,5,10,0.5,3,8,0.375,1,2,0.5,1,6,7,5,4,0,2,3,14,8.0,2025-10-21,1610612760,OKC,41:39,0.65,0.643,0.14,0.179,2.5,27.8,11.1,0.023,0.143,0.081,119.2,104.9,14.3,78.0,0.156
0022500001,1610612760,Oklahoma City,Thunder,OKC,thunder,1628983,Shai,Gilgeous-Alexander,S. Gilgeous-Alexander,shai-gilgeous-alexander,G,,,47:13,12,26,0.462,1,9,0.111,10,14,0.714,0,5,5,5,2,2,3,2,35,3.0,2025-10-21,1610612760,OKC,47:13,0.481,0.544,0.34,0.208,1.67,12.2,7.3,0.0,0.109,0.051,111.1,104.3,6.8,90.0,0.182
0022500001,1610612760,Oklahoma City,Thunder,OKC,thunder,1631119,Jaylin,Williams,J. Williams,jaylin-williams,,,,12:53,1,5,0.2,0,4,0.0,0,0,0.0,0,0,0,1,1,0,0,1,2,-3.0,2025-10-21,1610612760,OKC,12:53,0.2,0.2,0.179,0.143,0.0,16.7,0.0,0.0,0.0,0.0,96.2,100.0,-3.8,26.0,-0.024
0022500001,1610612760,Oklahoma City,Thunder,OKC,thunder,1630598,Aaron,Wiggins,A. Wiggins,aaron-wiggins,,,,20:32,4,8,0.5,2,5,0.4,0,0,0.0,0,1,1,1,0,0,1,1,10,2.0,2025-10-21,1610612760,OKC,20:32,0.625,0.625,0.209,0.071,1.0,10.0,10.0,0.0,0.05,0.027,112.2,102.3,9.9,41.0,0.066
0022500001,1610612760,Oklahoma City,Thunder,OKC,thunder,1627936,Alex,Caruso,A. Caruso,alex-caruso,,,,30:11,3,9,0.333,2,6,0.333,0,0,0.0,0,2,2,3,2,1,0,2,8,-15.0,2025-10-21,1610612760,OKC,30:11,0.444,0.444,0.141,0.167,0.0,25.0,0.0,0.0,0.077,0.036,94.9,109.2,-14.3,59.0,0.076
0022500001,1610612760,Oklahoma City,Thunder,OKC,thunder,1642964,Brooks,Barnhizer,B. Barnhizer,brooks-barnhizer,,,,2:15,0,0,0.0,0,0,0.0,0,0,0.0,0,0,0,0,0,0,0,0,0,-2.0,2025-10-21,1610612760,OKC,2:15,0.0,0.0,0.0,0.0,0.0,0.0,0.0,0.0,0.0,0.0,60.0,100.0,-40.0,5.0,0.0
0022500001,1610612760,Oklahoma City,Thunder,OKC,thunder,1642349,Ajay,Mitchell,A. Mitchell,ajay-mitchell,,,,14:36,6,12,0.5,3,6,0.5,1,1,1.0,1,1,2,2,0,1,0,2,16,2.0,2025-10-21,1610612760,OKC,14:36,0.625,0.643,0.387,0.333,0.0,14.3,0.0,0.077,0.063,0.069,114.3,103.4,10.8,28.0,0.245
0022500001,1610612760,Oklahoma City,Thunder,OKC,thunder,1642959,Chris,Youngblood,C. Youngblood,chris-youngblood,,,,0:06,0,0,0.0,0,0,0.0,0,0,0.0,0,0,0,0,0,0,0,0,0,0.0,2025-10-21,1610612760,OKC,0:06,0.0,0.0,0.0,0.0,0.0,0.0,0.0,0.0,0.0,0.0,0.0,0.0,0.0,1.0,0.0
0022500001,1610612760,Oklahoma City,Thunder,OKC,thunder,1631172,Ousmane,Dieng,O. Dieng,ousmane-dieng,,DNP - Coach's Decision,,,0,0,0.0,0,0,0.0,0,0,0.0,0,0,0,0,0,0,0,0,0,0.0,2025-10-21,1610612760,OKC,,0.0,0.0,0.0,0.0,0.0,0.0,0.0,0.0,0.0,0.0,0.0,0.0,0.0,0.0,0.0
0022500001,1610612745,Houston,Rockets,HOU,rockets,1631095,Jabari,Smith Jr.,J. Smith Jr.,jabari-smith-jr,F,,,41:45,7,15,0.467,2,6,0.333,0,0,0.0,3,2,5,0,1,0,0,4,16,2.0,2025-10-21,1610612745,HOU,41:45,0.533,0.533,0.15,0.0,0.0,0.0,0.0,0.081,0.045,0.062,112.2,113.9,-1.7,82.0,0.063
0022500001,1610612745,Houston,Rockets,HOU,rockets,1630578,Alperen,Sengun,A. Sengun,alperen-sengun,F,,,48:53,12,24,0.5,5,8,0.625,10,11,0.909,4,7,11,7,2,1,4,5,39,9.0,2025-10-21,1610612745,HOU,48:53,0.604,0.676,0.277,0.241,1.75,17.5,10.0,0.093,0.146,0.121,115.3,111.8,3.5,98.0,0.206
0022500001,1610612745,Houston,Rockets,HOU,rockets,203500,Steven,Adams,S. Adams,steven-adams,C,,,36:30,1,4,0.25,0,0,0.0,2,2,1.0,5,8,13,3,0,0,3,4,4,2.0,2025-10-21,1610612745,HOU,36:30,0.25,0.41,0.088,0.107,1.0,27.3,27.3,0.125,0.205,0.165,105.6,109.0,-3.3,71.0,0.073
0022500001,1610612745,Houston,Rockets,HOU,rockets,201142,Kevin,Durant,K. Durant,kevin-durant,G,,,47:03,9,16,0.563,0,4,0.0,5,6,0.833,0,9,9,3,0,0,4,6,23,0.0,2025-10-21,1610612745,HOU,47:03,0.563,0.617,0.19,0.115,0.75,12.0,16.0,0.0,0.167,0.09,107.6,110.0,-2.4,92.0,0.121
0022500001,1610612745,Houston,Rockets,HOU,rockets,1641708,Amen,Thompson,A. Thompson,amen-thompson,G,,,38:36,8,17,0.471,0,7,0.0,2,2,1.0,2,2,4,5,1,1,4,3,18,-11.0,2025-10-21,1610612745,HOU,38:36,0.471,0.503,0.228,0.238,1.25,19.2,15.4,0.056,0.056,0.056,104.0,118.7,-14.7,75.0,0.093
0022500001,1610612745,Houston,Rockets,HOU,rockets,1631106,Tari,Eason,T. Eason,tari-eason,,,,21:36,1,6,0.167,1,4,0.25,0,0,0.0,0,6,6,0,0,1,4,1,3,-4.0,2025-10-21,1610612745,HOU,21:36,0.25,0.25,0.169,0.0,0.0,0.0,40.0,0.0,0.316,0.146,100.0,115.6,-15.6,48.0,-0.006
0022500001,1610612745,Houston,Rockets,HOU,rockets,1642263,Reed,Sheppard,R. Sheppard,reed-sheppard,,,,27:47,3,11,0.273,2,7,0.286,1,2,0.5,1,1,2,4,1,1,2,1,9,0.0,2025-10-21,1610612745,HOU,27:47,0.364,0.379,0.194,0.333,2.0,22.2,11.1,0.03,0.031,0.031,93.0,101.9,-8.9,57.0,0.054
0022500001,1610612745,Houston,Rockets,HOU,rockets,203991,Clint,Capela,C. Capela,clint-capela,,,,7:52,1,1,1.0,0,0,0.0,2,2,1.0,0,0,0,0,1,0,1,0,4,5.0,2025-10-21,1610612745,HOU,7:52,1.0,1.064,0.136,0.0,0.0,0.0,33.3,0.0,0.0,0.0,105.6,93.3,12.2,18.0,0.138
0022500001,1610612745,Houston,Rockets,HOU,rockets,1629006,Josh,Okogie,J. Okogie,josh-okogie,,,,19:58,1,3,0.333,1,3,0.333,5,6,0.833,1,1,2,1,0,1,0,2,8,-8.0,2025-10-21,1610612745,HOU,19:58,0.5,0.709,0.128,0.083,0.0,14.3,0.0,0.067,0.05,0.057,102.4,118.6,-16.2,42.0,0.072
0022500001,1610612745,Houston,Rockets,HOU,rockets,1631120,JD,Davison,J. Davison,jd-davison,,DNP - Coach's Decision,,,0,0,0.0,0,0,0.0,0,0,0.0,0,0,0,0,0,0,0,0,0,0.0,2025-10-21,1610612745,HOU,,0.0,0.0,0.0,0.0,0.0,0.0,0.0,0.0,0.0,0.0,0.0,0.0,0.0,0.0,0.0
0022500001,1610612745,Houston,Rockets,HOU,rockets,1627827,Dorian,Finney-Smith,D. Finney-Smith,dorian-finney-smith,,DND - Injury/Illness,,,0,0,0.0,0,0,0.0,0,0,0.0,0,0,0,0,0,0,0,0,0,0.0,2025-10-21,1610612745,HOU,,0.0,0.0,0.0,0.0,0.0,0.0,0.0,0.0,0.0,0.0,0.0,0.0,0.0,0.0,0.0
0022500001,1610612745,Houston,Rockets,HOU,rockets,201145,Jeff,Green,J. Green,jeff-green,,DNP - Coach's Decision,,,0,0,0.0,0,0,0.0,0,0,0.0,0,0,0,0,0,0,0,0,0,0.0,2025-10-21,1610612745,HOU,,0.0,0.0,0.0,0.0,0.0,0.0,0.0,0.0,0.0,0.0,0.0,0.0,0.0,0.0,0.0
0022500001,1610612745,Houston,Rockets,HOU,rockets,1630284,Kevon,Harris,K. Harris,kevon-harris,,DNP - Coach's Decision,,,0,0,0.0,0,0,0.0,0,0,0.0,0,0,0,0,0,0,0,0,0,0.0,2025-10-21,1610612745,HOU,,0.0,0.0,0.0,0.0,0.0,0.0,0.0,0.0,0.0,0.0,0.0,0.0,0.0,0.0,0.0
0022500001,1610612745,Houston,Rockets,HOU,rockets,1628988,Aaron,Holiday,A. Holiday,aaron-holiday,,DNP - Coach's Decision,,,0,0,0.0,0,0,0.0,0,0,0.0,0,0,0,0,0,0,0,0,0,0.0,2025-10-21,1610612745,HOU,,0.0,0.0,0.0,0.0,0.0,0.0,0.0,0.0,0.0,0.0,0.0,0.0,0.0,0.0,0.0
0022500001,1610612745,Houston,Rockets,HOU,rockets,1630256,Jae'Sean,Tate,J. Tate,jaesean-tate,,DND - Injury/Illness,,,0,0,0.0,0,0,0.0,0,0,0.0,0,0,0,0,0,0,0,0,0,0.0,2025-10-21,1610612745,HOU,,0.0,0.0,0.0,0.0,0.0,0.0,0.0,0.0,0.0,0.0,0.0,0.0,0.0,0.0,0.0
0022500002,1610612747,Los Angeles,Lakers,LAL,lakers,1630559,Austin,Reaves,A. Reaves,austin-reaves,F,,,36:20,9,16,0.563,1,5,0.2,7,10,0.7,1,4,5,9,2,0,5,5,26,-14.0,2025-10-21,1610612747,LAL,36:20,0.594,0.637,0.301,0.409,1.8,26.5,14.7,0.031,0.148,0.085,102.7,119.7,-17.1,75.0,0.147
0022500002,1610612747,Los Angeles,Lakers,LAL,lakers,1629060,Rui,Hachimura,R. Hachimura,rui-hachimura,F,,,35:25,3,6,0.5,3,6,0.5,0,0,0.0,0,4,4,3,0,0,1,2,9,-6.0,2025-10-21,1610612747,LAL,35:25,0.75,0.75,0.086,0.103,3.0,30.0,10.0,0.0,0.121,0.065,109.2,118.7,-9.5,76.0,0.067
0022500002,1610612747,Los Angeles,Lakers,LAL,lakers,1629028,Deandre,Ayton,D. Ayton,deandre-ayton,C,,,33:53,5,7,0.714,0,0,0.0,0,2,0.0,2,4,6,0,0,1,4,3,10,-4.0,2025-10-21,1610612747,LAL,33:53,0.714,0.635,0.154,0.0,0.0,0.0,33.3,0.074,0.125,0.102,108.1,115.1,-7.0,74.0,0.031
0022500002,1610612747,Los Angeles,Lakers,LAL,lakers,1629216,Gabe,Vincent,G. Vincent,gabe-vincent,G,,,28:44,1,4,0.25,1,4,0.25,0,0,0.0,0,0,0,1,1,0,0,3,3,-5.0,2025-10-21,1610612747,LAL,28:44,0.375,0.375,0.061,0.038,0.0,20.0,0.0,0.0,0.0,0.0,109.7,121.7,-12.0,62.0,-0.008
0022500002,1610612747,Los Angeles,Lakers,LAL,lakers,1629029,Luka,Dončić,L. Dončić,luka-dončić,G,,,40:59,17,27,0.63,2,10,0.2,7,10,0.7,0,12,12,9,2,1,3,1,43,-8.0,2025-10-21,1610612747,LAL,40:59,0.667,0.685,0.347,0.474,3.0,21.4,7.1,0.0,0.308,0.162,105.7,116.1,-10.4,88.0,0.293
0022500002,1610612747,Los Angeles,Lakers,LAL,lakers,203935,Marcus,Smart,M. Smart,marcus-smart,,,,22:46,3,6,0.5,0,3,0.0,3,4,0.75,0,0,0,0,1,0,3,4,9,2.0,2025-10-21,1610612747,LAL,22:46,0.5,0.58,0.186,0.0,0.0,0.0,27.3,0.0,0.0,0.0,98.1,98.0,0.1,52.0,-0.014
0022500002,1610612747,Los Angeles,Lakers,LAL,lakers,1631222,Jake,LaRavia,J. LaRavia,jake-laravia,,,,15:50,2,4,0.5,1,2,0.5,0,2,0.0,2,1,3,0,0,0,0,1,5,-5.0,2025-10-21,1610612747,LAL,15:50,0.625,0.512,0.122,0.0,0.0,0.0,0.0,0.118,0.063,0.091,111.8,130.3,-18.5,34.0,0.028
0022500002,1610612747,Los Angeles,Lakers,LAL,lakers,1629637,Jaxson,Hayes,J. Hayes,jaxson-hayes,,,,14:07,2,3,0.667,0,0,0.0,0,0,0.0,2,4,6,1,0,0,1,2,4,-6.0,2025-10-21,1610612747,LAL,14:07,0.667,0.667,0.111,0.111,1.0,20.0,20.0,0.125,0.364,0.222,100.0,125.0,-25.0,29.0,0.115
0022500002,1610612747,Los Angeles,Lakers,LAL,lakers,1629020,Jarred,Vanderbilt,J. Vanderbilt,jarred-vanderbilt,,,,11:56,0,4,0.0,0,2,0.0,0,0,0.0,0,3,3,0,1,0,2,0,0,-4.0,2025-10-21,1610612747,LAL,11:56,0.0,0.0,0.194,0.0,0.0,0.0,33.3,0.0,0.3,0.13,104.0,120.0,-16.0,25.0,-0.043
0022500002,1610612747,Los Angeles,Lakers,LAL,lakers,1642355,Bronny,James,B. James,bronny-james,,DNP - Coach's Decision,,,0,0,0.0,0,0,0.0,0,0,0.0,0,0,0,0,0,0,0,0,0,0.0,2025-10-21,1610612747,LAL,,0.0,0.0,0.0,0.0,0.0,0.0,0.0,0.0,0.0,0.0,0.0,0.0,0.0,0.0,0.0
0022500002,1610612747,Los Angeles,Lakers,LAL,lakers,1642261,Dalton,Knecht,D. Knecht,dalton-knecht,,DNP - Coach's Decision,,,0,0,0.0,0,0,0.0,0,0,0.0,0,0,0,0,0,0,0,0,0,0.0,2025-10-21,1610612747,LAL,,0.0,0.0,0.0,0.0,0.0,0.0,0.0,0.0,0.0,0.0,0.0,0.0,0.0,0.0,0.0
0022500002,1610612747,Los Angeles,Lakers,LAL,lakers,1631132,Christian,Koloko,C. Koloko,christian-koloko,,DNP - Coach's Decision,,,0,0,0.0,0,0,0.0,0,0,0.0,0,0,0,0,0,0,0,0,0,0.0,2025-10-21,1610612747,LAL,,0.0,0.0,0.0,0.0,0.0,0.0,0.0,0.0,0.0,0.0,0.0,0.0,0.0,0.0,0.0
0022500002,1610612744,Golden State,Warriors,GSW,warriors,202710,Jimmy,Butler III,J. Butler III,jimmy-butler-iii,F,,,34:44,7,14,0.5,1,2,0.5,16,16,1.0,2,3,5,4,1,0,1,4,31,20.0,2025-10-21,1610612744,GSW,34:44,0.536,0.737,0.282,0.174,4.0,15.4,3.8,0.067,0.097,0.082,135.2,104.1,31.1,71.0,0.188
0022500002,1610612744,Golden State,Warriors,GSW,warriors,1630228,Jonathan,Kuminga,J. Kuminga,jonathan-kuminga,F,,,32:54,6,11,0.545,4,6,0.667,1,2,0.5,3,6,9,6,1,0,2,3,17,4.0,2025-10-21,1610612744,GSW,32:54,0.727,0.715,0.179,0.286,3.0,30.0,10.0,0.097,0.214,0.153,115.5,105.4,10.1,71.0,0.145
0022500002,1610612744,Golden State,Warriors,GSW,warriors,203110,Draymond,Green,D. Green,draymond-green,C,,,28:24,3,6,0.5,1,3,0.333,1,3,0.333,1,6,7,9,1,2,4,5,8,20.0,2025-10-21,1610612744,GSW,28:24,0.583,0.546,0.167,0.429,2.25,45.0,20.0,0.04,0.194,0.125,123.3,90.0,33.3,60.0,0.109
0022500002,1610612744,Golden State,Warriors,GSW,warriors,1641764,Brandin,Podziemski,B. Podziemski,brandin-podziemski,G,,,32:32,3,7,0.429,1,4,0.25,0,0,0.0,1,6,7,2,1,0,1,2,7,13.0,2025-10-21,1610612744,GSW,32:32,0.5,0.5,0.11,0.083,2.0,20.0,10.0,0.034,0.207,0.121,128.4,107.4,21.0,67.0,0.069
0022500002,1610612744,Golden State,Warriors,GSW,warriors,201939,Stephen,Curry,S. Curry,stephen-curry,G,,,32:04,6,14,0.429,3,9,0.333,8,8,1.0,0,1,1,4,3,1,2,3,23,1.0,2025-10-21,1610612744,GSW,32:04,0.536,0.656,0.247,0.211,2.0,17.4,8.7,0.0,0.038,0.018,112.9,108.3,4.5,70.0,0.135
0022500002,1610612744,Golden State,Warriors,GSW,warriors,1627741,Buddy,Hield,B. Hield,buddy-hield,,,,22:15,6,11,0.545,5,10,0.5,0,0,0.0,0,1,1,0,1,0,2,0,17,5.0,2025-10-21,1610612744,GSW,22:15,0.773,0.773,0.271,0.0,0.0,0.0,15.4,0.0,0.038,0.022,106.7,95.6,11.1,45.0,0.17
0022500002,1610612744,Golden State,Warriors,GSW,warriors,1627780,Gary,Payton II,G. Payton II,gary-payton-ii,,,,12:04,3,6,0.5,0,1,0.0,0,0,0.0,1,1,2,1,1,1,3,3,6,3.0,2025-10-21,1610612744,GSW,12:04,0.5,0.5,0.29,0.167,0.33,10.0,30.0,0.091,0.067,0.077,107.1,90.0,17.1,28.0,0.024
0022500002,1610612744,Golden State,Warriors,GSW,warriors,201143,Al,Horford,A. Horford,al-horford,,,,20:15,2,7,0.286,1,4,0.25,0,0,0.0,0,5,5,1,0,0,2,4,5,-10.0,2025-10-21,1610612744,GSW,20:15,0.357,0.357,0.196,0.083,0.5,10.0,20.0,0.0,0.385,0.161,104.7,122.2,-17.6,43.0,0.0
0022500002,1610612744,Golden State,Warriors,GSW,warriors,1630611,Gui,Santos,G. Santos,gui-santos,,,,2:39,0,0,0.0,0,0,0.0,0,0,0.0,0,0,0,0,0,0,1,0,0,0.0,2025-10-21,1610612744,GSW,2:39,0.0,0.0,0.167,0.0,0.0,0.0,100.0,0.0,0.0,0.0,100.0,120.0,-20.0,6.0,-0.111
0022500002,1610612744,Golden State,Warriors,GSW,warriors,1642954,Will,Richard,W. Richard,will-richard,,,,13:35,2,2,1.0,1,1,1.0,0,0,0.0,1,0,1,1,1,0,0,2,5,-11.0,2025-10-21,1610612744,GSW,13:35,1.25,1.25,0.067,0.143,0.0,33.3,0.0,0.083,0.0,0.059,107.1,136.7,-29.5,28.0,0.079
0022500002,1610612744,Golden State,Warriors,GSW,warriors,1642366,Quinten,Post,Q. Post,quinten-post,,,,8:34,0,0,0.0,0,0,0.0,0,0,0.0,0,2,2,1,0,0,0,1,0,5.0,2025-10-21,1610612744,GSW,8:34,0.0,0.0,0.0,0.143,0.0,100.0,0.0,0.0,0.182,0.111,111.8,87.5,24.3,17.0,0.089
0022500002,1610612744,Golden State,Warriors,GSW,warriors,1631218,Trayce,Jackson-Davis,T. Jackson-Davis,trayce-jackson-davis,,DNP - Coach's Decision,,,0,0,0.0,0,0,0.0,0,0,0.0,0,0,0,0,0,0,0,0,0,0.0,2025-10-21,1610612744,GSW,,0.0,0.0,0.0,0.0,0.0,0.0,0.0,0.0,0.0,0.0,0.0,0.0,0.0,0.0,0.0
0022500002,1610612744,Golden State,Warriors,GSW,warriors,1630311,Pat,Spencer,P. Spencer,pat-spencer,,DNP - Coach's Decision,,,0,0,0.0,0,0,0.0,0,0,0.0,0,0,0,0,0,0,0,0,0,0.0,2025-10-21,1610612744,GSW,,0.0,0.0,0.0,0.0,0.0,0.0,0.0,0.0,0.0,0.0,0.0,0.0,0.0,0.0,0.0
0022500089,1610612757,Portland,Trail Blazers,POR,blazers,1630166,Deni,Avdija,D. Avdija,deni-avdija,F,,,32:59,6,16,0.375,0,6,0.0,8,10,0.8,0,7,7,1,0,1,2,2,20,-2.0,2025-10-22,1610612757,POR,32:59,0.375,0.49,0.262,0.053,0.5,4.3,8.7,0.0,0.226,0.1,108.3,111.1,-2.8,72.0,0.092
0022500089,1610612757,Portland,Trail Blazers,POR,blazers,1641739,Toumani,Camara,T. Camara,toumani-camara,F,,,34:44,3,9,0.333,2,5,0.4,2,2,1.0,4,5,9,5,0,0,0,1,10,-1.0,2025-10-22,1610612757,POR,34:44,0.444,0.506,0.115,0.217,0.0,33.3,0.0,0.103,0.143,0.122,105.3,100.0,5.3,75.0,0.115
0022500089,1610612757,Portland,Trail Blazers,POR,blazers,1642270,Donovan,Clingan,D. Clingan,donovan-clingan,C,,,30:01,3,5,0.6,2,4,0.5,0,0,0.0,2,4,6,1,2,1,1,3,8,-2.0,2025-10-22,1610612757,POR,30:01,0.8,0.8,0.073,0.05,1.0,14.3,14.3,0.054,0.118,0.085,97.1,100.0,-2.9,70.0,0.091
0022500089,1610612757,Portland,Trail Blazers,POR,blazers,1631101,Shaedon,Sharpe,S. Sharpe,shaedon-sharpe,G,,,28:52,5,20,0.25,3,9,0.333,2,2,1.0,0,2,2,4,1,0,4,1,15,0.0,2025-10-22,1610612757,POR,28:52,0.325,0.359,0.329,0.2,1.0,13.8,13.8,0.0,0.067,0.032,119.0,115.4,3.7,63.0,0.016
0022500089,1610612757,Portland,Trail Blazers,POR,blazers,201950,Jrue,Holiday,J. Holiday,jrue-holiday,G,,,33:04,5,15,0.333,1,7,0.143,3,4,0.75,0,6,6,7,3,0,4,3,14,-2.0,2025-10-22,1610612757,POR,33:04,0.367,0.418,0.253,0.389,1.75,25.0,14.3,0.0,0.188,0.085,102.8,102.7,0.1,71.0,0.099
0022500089,1610612757,Portland,Trail Blazers,POR,blazers,203924,Jerami,Grant,J. Grant,jerami-grant,,,,27:46,10,14,0.714,4,7,0.571,5,6,0.833,0,3,3,1,0,1,1,3,29,-6.0,2025-10-22,1610612757,POR,27:46,0.857,0.871,0.254,0.125,1.0,5.6,5.6,0.0,0.111,0.054,108.5,118.6,-10.2,59.0,0.234
0022500089,1610612757,Portland,Trail Blazers,POR,blazers,1642905,Hansen,Yang,H. Yang,hansen-yang,,,,5:16,0,1,0.0,0,0,0.0,2,2,1.0,1,0,1,0,0,0,0,1,2,-5.0,2025-10-22,1610612757,POR,5:16,0.0,0.532,0.143,0.0,0.0,0.0,0.0,0.125,0.0,0.083,118.2,163.6,-45.5,11.0,0.016
0022500089,1610612757,Portland,Trail Blazers,POR,blazers,1631104,Blake,Wesley,B. Wesley,blake-wesley,,,,14:56,2,5,0.4,0,1,0.0,3,5,0.6,0,3,3,4,2,0,2,1,7,-2.0,2025-10-22,1610612757,POR,14:56,0.4,0.486,0.231,0.364,2.0,30.8,15.4,0.0,0.176,0.094,124.2,122.9,1.4,33.0,0.117
0022500089,1610612757,Portland,Trail Blazers,POR,blazers,1631200,Kris,Murray,K. Murray,kris-murray,,,,18:33,2,3,0.667,1,2,0.5,2,2,1.0,0,0,0,0,0,0,1,1,7,2.0,2025-10-22,1610612757,POR,18:33,0.833,0.902,0.102,0.0,0.0,0.0,20.0,0.0,0.0,0.0,126.8,119.0,7.8,41.0,0.049
0022500089,1610612757,Portland,Trail Blazers,POR,blazers,1629680,Matisse,Thybulle,M. Thybulle,matisse-thybulle,,,,13:49,0,2,0.0,0,1,0.0,2,2,1.0,0,2,2,2,2,0,0,1,2,-2.0,2025-10-22,1610612757,POR,13:49,0.0,0.347,0.097,0.25,0.0,40.0,0.0,0.0,0.154,0.074,100.0,100.0,0.0,27.0,0.137
0022500089,1610612757,Portland,Trail Blazers,POR,blazers,1630703,Scoot,Henderson,S. Henderson,scoot-henderson,,DND - Injury/Illness,,,0,0,0.0,0,0,0.0,0,0,0.0,0,0,0,0,0,0,0,0,0,0.0,2025-10-22,1610612757,POR,,0.0,0.0,0.0,0.0,0.0,0.0,0.0,0.0,0.0,0.0,0.0,0.0,0.0,0.0,0.0
0022500089,1610612757,Portland,Trail Blazers,POR,blazers,203081,Damian,Lillard,D. Lillard,damian-lillard,,DND - Injury/Illness,,,0,0,0.0,0,0,0.0,0,0,0.0,0,0,0,0,0,0,0,0,0,0.0,2025-10-22,1610612757,POR,,0.0,0.0,0.0,0.0,0.0,0.0,0.0,0.0,0.0,0.0,0.0,0.0,0.0,0.0,0.0
0022500089,1610612757,Portland,Trail Blazers,POR,blazers,1641871,Duop,Reath,D. Reath,duop-reath,,DNP - Coach's Decision,,,0,0,0.0,0,0,0.0,0,0,0.0,0,0,0,0,0,0,0,0,0,0.0,2025-10-22,1610612757,POR,,0.0,0.0,0.0,0.0,0.0,0.0,0.0,0.0,0.0,0.0,0.0,0.0,0.0,0.0,0.0
0022500089,1610612757,Portland,Trail Blazers,POR,blazers,1641712,Rayan,Rupert,R. Rupert,rayan-rupert,,DNP - Coach's Decision,,,0,0,0.0,0,0,0.0,0,0,0.0,0,0,0,0,0,0,0,0,0,0.0,2025-10-22,1610612757,POR,,0.0,0.0,0.0,0.0,0.0,0.0,0.0,0.0,0.0,0.0,0.0,0.0,0.0,0.0,0.0
0022500089,1610612757,Portland,Trail Blazers,POR,blazers,1629057,Robert,Williams III,R. Williams III,robert-williams-iii,,DND-Return to Competition Reconditioning,,,0,0,0.0,0,0,0.0,0,0,0.0,0,0,0,0,0,0,0,0,0,0.0,2025-10-22,1610612757,POR,,0.0,0.0,0.0,0.0,0.0,0.0,0.0,0.0,0.0,0.0,0.0,0.0,0.0,0.0,0.0
0022500089,1610612750,Minnesota,Timberwolves,MIN,timberwolves,1630183,Jaden,McDaniels,J. McDaniels,jaden-mcdaniels,F,,,28:59,6,12,0.5,3,4,0.75,3,4,0.75,0,5,5,2,1,3,3,4,18,3.0,2025-10-22,1610612750,MIN,28:59,0.625,0.654,0.246,0.105,0.67,10.5,15.8,0.0,0.135,0.077,107.9,104.8,3.1,63.0,0.118
0022500089,1610612750,Minnesota,Timberwolves,MIN,timberwolves,203944,Julius,Randle,J. Randle,julius-randle,F,,,37:20,7,13,0.538,3,5,0.6,2,4,0.5,1,6,7,6,2,1,0,3,19,6.0,2025-10-22,1610612750,MIN,37:20,0.654,0.644,0.17,0.231,0.0,28.6,0.0,0.029,0.133,0.088,115.0,107.5,7.5,80.0,0.15
0022500089,1610612750,Minnesota,Timberwolves,MIN,timberwolves,203497,Rudy,Gobert,R. Gobert,rudy-gobert,C,,,31:51,3,4,0.75,0,0,0.0,4,6,0.667,3,3,6,0,0,1,0,6,10,0.0,2025-10-22,1610612750,MIN,31:51,0.75,0.753,0.089,0.0,0.0,0.0,0.0,0.091,0.075,0.082,107.2,105.7,1.5,69.0,0.047
0022500089,1610612750,Minnesota,Timberwolves,MIN,timberwolves,1630162,Anthony,Edwards,A. Edwards,anthony-edwards,G,,,39:15,14,28,0.5,5,10,0.5,8,8,1.0,1,6,7,1,0,1,4,4,41,9.0,2025-10-22,1610612750,MIN,39:15,0.589,0.65,0.347,0.04,0.25,2.9,11.4,0.027,0.15,0.091,123.0,115.3,7.7,87.0,0.153
0022500089,1610612750,Minnesota,Timberwolves,MIN,timberwolves,1628978,Donte,DiVincenzo,D. DiVincenzo,donte-divincenzo,G,,,20:22,3,6,0.5,1,3,0.333,0,0,0.0,0,4,4,2,2,2,6,1,7,-4.0,2025-10-22,1610612750,MIN,20:22,0.583,0.583,0.24,0.143,0.33,14.3,42.9,0.0,0.148,0.083,102.2,113.3,-11.2,46.0,0.067
0022500089,1610612750,Minnesota,Timberwolves,MIN,timberwolves,1629675,Naz,Reid,N. Reid,naz-reid,,,,19:51,2,4,0.5,0,1,0.0,2,2,1.0,1,2,3,1,1,2,1,2,6,1.0,2025-10-22,1610612750,MIN,19:51,0.5,0.615,0.111,0.063,1.0,14.3,14.3,0.048,0.105,0.075,108.7,116.7,-8.0,46.0,0.089
0022500089,1610612750,Minnesota,Timberwolves,MIN,timberwolves,1630545,Terrence,Shannon Jr.,T. Shannon Jr.,terrence-shannon-jr,,,,25:28,4,7,0.571,2,2,1.0,0,0,0.0,1,4,5,5,1,0,2,3,10,5.0,2025-10-22,1610612750,MIN,25:28,0.714,0.714,0.13,0.238,2.5,35.7,14.3,0.037,0.167,0.098,118.6,118.2,0.5,59.0,0.115
0022500089,1610612750,Minnesota,Timberwolves,MIN,timberwolves,201144,Mike,Conley,M. Conley,mike-conley,,,,12:43,1,5,0.2,1,2,0.5,0,0,0.0,1,1,2,0,1,0,1,2,3,-3.0,2025-10-22,1610612750,MIN,12:43,0.3,0.3,0.171,0.0,0.0,0.0,16.7,0.067,0.1,0.08,100.0,123.1,-23.1,29.0,-0.037
0022500089,1610612750,Minnesota,Timberwolves,MIN,timberwolves,1641740,Jaylen,Clark,J. Clark,jaylen-clark,,,,16:28,1,5,0.2,0,2,0.0,0,0,0.0,2,2,4,3,2,0,1,2,2,-2.0,2025-10-22,1610612750,MIN,16:28,0.2,0.2,0.125,0.273,3.0,33.3,11.1,0.095,0.111,0.103,94.7,102.7,-8.0,38.0,0.066
0022500089,1610612750,Minnesota,Timberwolves,MIN,timberwolves,1630538,Bones,Hyland,B. Hyland,bones-hyland,,,,7:43,1,2,0.5,0,1,0.0,0,0,0.0,0,2,2,1,0,0,1,2,2,5.0,2025-10-22,1610612750,MIN,7:43,0.5,0.5,0.176,0.25,1.0,25.0,25.0,0.0,0.2,0.118,113.3,75.0,38.3,15.0,0.05
0022500089,1610612750,Minnesota,Timberwolves,MIN,timberwolves,1642866,Joan,Beringer,J. Beringer,joan-beringer,,DNP - Coach's Decision,,,0,0,0.0,0,0,0.0,0,0,0.0,0,0,0,0,0,0,0,0,0,0.0,2025-10-22,1610612750,MIN,,0.0,0.0,0.0,0.0,0.0,0.0,0.0,0.0,0.0,0.0,0.0,0.0,0.0,0.0,0.0
0022500089,1610612750,Minnesota,Timberwolves,MIN,timberwolves,1642265,Rob,Dillingham,R. Dillingham,rob-dillingham,,DNP - Coach's Decision,,,0,0,0.0,0,0,0.0,0,0,0.0,0,0,0,0,0,0,0,0,0,0.0,2025-10-22,1610612750,MIN,,0.0,0.0,0.0,0.0,0.0,0.0,0.0,0.0,0.0,0.0,0.0,0.0,0.0,0.0,0.0
0022500089,1610612750,Minnesota,Timberwolves,MIN,timberwolves,204060,Joe,Ingles,J. Ingles,joe-ingles,,DNP - Coach's Decision,,,0,0,0.0,0,0,0.0,0,0,0.0,0,0,0,0,0,0,0,0,0,0.0,2025-10-22,1610612750,MIN,,0.0,0.0,0.0,0.0,0.0,0.0,0.0,0.0,0.0,0.0,0.0,0.0,0.0,0.0,0.0
0022500089,1610612750,Minnesota,Timberwolves,MIN,timberwolves,1630548,Johnny,Juzang,J. Juzang,johnny-juzang,,DNP - Coach's Decision,,,0,0,0.0,0,0,0.0,0,0,0.0,0,0,0,0,0,0,0,0,0,0.0,2025-10-22,1610612750,MIN,,0.0,0.0,0.0,0.0,0.0,0.0,0.0,0.0,0.0,0.0,0.0,0.0,0.0,0.0,0.0
0022500089,1610612750,Minnesota,Timberwolves,MIN,timberwolves,1631159,Leonard,Miller,L. Miller,leonard-miller,,DNP - Coach's Decision,,,0,0,0.0,0,0,0.0,0,0,0.0,0,0,0,0,0,0,0,0,0,0.0,2025-10-22,1610612750,MIN,,0.0,0.0,0.0,0.0,0.0,0.0,0.0,0.0,0.0,0.0,0.0,0.0,0.0,0.0,0.0
0022500080,1610612766,Charlotte,Hornets,CHA,hornets,1642851,Kon,Knueppel,K. Knueppel,kon-knueppel,F,,,25:29,4,6,0.667,3,4,0.75,0,0,0.0,0,5,5,1,0,0,2,3,11,10.0,2025-10-22,1610612766,CHA,25:29,0.917,0.917,0.119,0.048,0.5,11.1,22.2,0.0,0.161,0.091,117.2,98.3,18.9,58.0,0.1
0022500080,1610612766,Charlotte,Hornets,CHA,hornets,1628970,Miles,Bridges,M. Bridges,miles-bridges,F,,,30:51,6,11,0.545,3,6,0.5,3,4,0.75,2,9,11,4,1,0,1,1,18,7.0,2025-10-22,1610612766,CHA,30:51,0.682,0.705,0.177,0.174,4.0,22.2,5.6,0.071,0.243,0.169,120.3,111.8,8.5,69.0,0.19
0022500080,1610612766,Charlotte,Hornets,CHA,hornets,1641750,Ryan,Kalkbrenner,R. Kalkbrenner,ryan-kalkbrenner,C,,,26:46,5,6,0.833,0,0,0.0,0,0,0.0,5,6,11,1,0,2,4,4,10,11.0,2025-10-22,1610612766,CHA,26:46,0.833,0.833,0.147,0.045,0.25,9.1,36.4,0.192,0.176,0.183,129.3,110.3,19.0,58.0,0.099
0022500080,1610612766,Charlotte,Hornets,CHA,hornets,1641706,Brandon,Miller,B. Miller,brandon-miller,G,,,30:30,8,19,0.421,2,9,0.222,7,10,0.7,0,0,0,7,1,1,1,4,25,14.0,2025-10-22,1610612766,CHA,30:30,0.474,0.534,0.329,0.333,7.0,22.6,3.2,0.0,0.0,0.0,128.8,106.0,22.8,66.0,0.11
0022500080,1610612766,Charlotte,Hornets,CHA,hornets,1630163,LaMelo,Ball,L. Ball,lamelo-ball,G,,,33:34,7,15,0.467,4,8,0.5,2,5,0.4,1,1,2,8,0,0,3,3,20,10.0,2025-10-22,1610612766,CHA,33:34,0.6,0.581,0.233,0.308,2.67,28.6,10.7,0.032,0.024,0.028,122.7,107.9,14.8,75.0,0.089
0022500080,1610612766,Charlotte,Hornets,CHA,hornets,1629012,Collin,Sexton,C. Sexton,collin-sexton,,,,17:11,4,9,0.444,1,2,0.5,6,7,0.857,0,1,1,3,1,0,1,2,15,5.0,2025-10-22,1610612766,CHA,17:11,0.5,0.621,0.26,0.214,3.0,18.8,6.3,0.0,0.063,0.03,123.8,114.6,9.2,42.0,0.157
0022500080,1610612766,Charlotte,Hornets,CHA,hornets,1642883,Sion,James,S. James,sion-james,,,,16:37,1,3,0.333,0,1,0.0,0,0,0.0,1,3,4,2,0,1,0,2,2,3.0,2025-10-22,1610612766,CHA,16:37,0.333,0.333,0.071,0.118,0.0,40.0,0.0,0.056,0.167,0.111,151.5,134.3,17.2,33.0,0.049
0022500080,1610612766,Charlotte,Hornets,CHA,hornets,1631217,Moussa,Diabaté,M. Diabaté,moussa-diabaté,,,,21:14,5,7,0.714,0,0,0.0,3,4,0.75,4,5,9,0,1,1,2,3,13,8.0,2025-10-22,1610612766,CHA,21:14,0.714,0.742,0.196,0.0,0.0,0.0,18.2,0.222,0.227,0.225,124.5,103.9,20.6,49.0,0.15
0022500080,1610612766,Charlotte,Hornets,CHA,hornets,1642275,Tidjane,Salaün,T. Salaün,tidjane-salaün,,,,17:09,4,7,0.571,2,3,0.667,0,0,0.0,0,4,4,1,0,0,0,2,10,12.0,2025-10-22,1610612766,CHA,17:09,0.714,0.714,0.152,0.067,0.0,12.5,0.0,0.0,0.211,0.114,135.9,107.9,28.0,39.0,0.134
0022500080,1610612766,Charlotte,Hornets,CHA,hornets,1630544,Tre,Mann,T. Mann,tre-mann,,,,20:39,4,7,0.571,2,3,0.667,2,3,0.667,1,2,3,6,1,0,2,1,12,15.0,2025-10-22,1610612766,CHA,20:39,0.714,0.721,0.189,0.353,3.0,37.5,12.5,0.059,0.087,0.075,132.6,102.2,30.4,46.0,0.154
0022500080,1610612766,Charlotte,Hornets,CHA,hornets,1626192,Pat,Connaughton,P. Connaughton,pat-connaughton,,DNP - Coach's Decision,,,0,0,0.0,0,0,0.0,0,0,0.0,0,0,0,0,0,0,0,0,0,0.0,2025-10-22,1610612766,CHA,,0.0,0.0,0.0,0.0,0.0,0.0,0.0,0.0,0.0,0.0,0.0,0.0,0.0,0.0,0.0
0022500080,1610612766,Charlotte,Hornets,CHA,hornets,1642862,Liam,McNeeley,L. McNeeley,liam-mcneeley,,DNP - Coach's Decision,,,0,0,0.0,0,0,0.0,0,0,0.0,0,0,0,0,0,0,0,0,0,0.0,2025-10-22,1610612766,CHA,,0.0,0.0,0.0,0.0,0.0,0.0,0.0,0.0,0.0,0.0,0.0,0.0,0.0,0.0,0.0
0022500080,1610612766,Charlotte,Hornets,CHA,hornets,203486,Mason,Plumlee,M. Plumlee,mason-plumlee,,DNP - Coach's Decision,,,0,0,0.0,0,0,0.0,0,0,0.0,0,0,0,0,0,0,0,0,0,0.0,2025-10-22,1610612766,CHA,,0.0,0.0,0.0,0.0,0.0,0.0,0.0,0.0,0.0,0.0,0.0,0.0,0.0,0.0,0.0
0022500080,1610612751,Brooklyn,Nets,BKN,nets,1629611,Terance,Mann,T. Mann,terance-mann,F,,,19:27,4,6,0.667,2,3,0.667,3,3,1.0,1,0,1,1,1,0,1,4,13,4.0,2025-10-22,1610612751,BKN,19:27,0.833,0.888,0.167,0.063,1.0,11.1,11.1,0.056,0.0,0.026,127.9,124.4,3.5,43.0,0.098
0022500080,1610612751,Brooklyn,Nets,BKN,nets,1629008,Michael,Porter Jr.,M. Porter Jr.,michael-porter-jr,F,,,25:18,5,15,0.333,2,7,0.286,0,2,0.0,1,3,4,5,0,0,0,2,12,-19.0,2025-10-22,1610612751,BKN,25:18,0.4,0.378,0.254,0.294,0.0,23.8,0.0,0.029,0.13,0.07,112.7,150.0,-37.3,55.0,0.05
0022500080,1610612751,Brooklyn,Nets,BKN,nets,1629651,Nic,Claxton,N. Claxton,nic-claxton,C,,,22:59,8,12,0.667,0,1,0.0,1,2,0.5,2,2,4,2,0,0,1,0,17,-11.0,2025-10-22,1610612751,BKN,22:59,0.667,0.66,0.22,0.143,2.0,13.3,6.7,0.067,0.111,0.083,118.0,142.9,-24.9,50.0,0.14
0022500080,1610612751,Brooklyn,Nets,BKN,nets,1630560,Cam,Thomas,C. Thomas,cam-thomas,G,,,24:04,2,9,0.222,0,2,0.0,11,13,0.846,0,1,1,2,0,1,2,2,15,-19.0,2025-10-22,1610612751,BKN,24:04,0.222,0.51,0.279,0.125,1.0,10.5,10.5,0.0,0.042,0.018,101.8,141.5,-39.7,55.0,0.051
0022500080,1610612751,Brooklyn,Nets,BKN,nets,1642879,Ben,Saraf,B. Saraf,ben-saraf,G,,,20:01,2,7,0.286,0,3,0.0,4,6,0.667,1,6,7,4,0,0,0,2,8,-6.0,2025-10-22,1610612751,BKN,20:01,0.286,0.415,0.196,0.222,0.0,28.6,0.0,0.045,0.375,0.184,124.4,140.9,-16.5,45.0,0.092
0022500080,1610612751,Brooklyn,Nets,BKN,nets,1630533,Ziaire,Williams,Z. Williams,ziaire-williams,,,,14:51,0,3,0.0,0,2,0.0,1,2,0.5,1,2,3,1,1,0,0,1,1,-18.0,2025-10-22,1610612751,BKN,14:51,0.0,0.129,0.093,0.111,0.0,20.0,0.0,0.048,0.25,0.103,86.8,134.2,-47.4,38.0,0.008
0022500080,1610612751,Brooklyn,Nets,BKN,nets,1642856,Egor,Dëmin,E. Dëmin,egor-dëmin,,,,22:19,4,6,0.667,4,6,0.667,2,2,1.0,0,5,5,2,1,0,2,3,14,-6.0,2025-10-22,1610612751,BKN,22:19,1.0,1.017,0.155,0.167,1.0,18.2,18.2,0.0,0.238,0.109,102.0,114.0,-12.0,50.0,0.183
0022500080,1610612751,Brooklyn,Nets,BKN,nets,1630549,Day'Ron,Sharpe,D. Sharpe,dayron-sharpe,,,,14:04,6,7,0.857,1,2,0.5,1,2,0.5,1,3,4,0,1,2,5,5,14,-13.0,2025-10-22,1610612751,BKN,14:04,0.929,0.888,0.333,0.0,0.0,0.0,38.5,0.063,0.214,0.133,88.9,121.6,-32.7,36.0,0.132
0022500080,1610612751,Brooklyn,Nets,BKN,nets,1641730,Noah,Clowney,N. Clowney,noah-clowney,,,,20:15,1,6,0.167,1,3,0.333,2,2,1.0,2,2,4,2,0,0,1,2,5,-7.0,2025-10-22,1610612751,BKN,20:15,0.25,0.363,0.157,0.143,2.0,20.0,10.0,0.087,0.105,0.095,106.8,122.7,-15.9,44.0,0.025
0022500080,1610612751,Brooklyn,Nets,BKN,nets,1631213,Tyrese,Martin,T. Martin,tyrese-martin,,,,25:55,2,8,0.25,1,5,0.2,0,0,0.0,3,0,3,5,2,0,3,1,5,0.0,2025-10-22,1610612751,BKN,25:55,0.313,0.313,0.155,0.238,1.67,31.3,18.8,0.111,0.0,0.061,116.4,116.4,0.0,61.0,0.03
0022500080,1610612751,Brooklyn,Nets,BKN,nets,1630592,Jalen,Wilson,J. Wilson,jalen-wilson,,,,14:42,3,5,0.6,2,4,0.5,0,0,0.0,0,0,0,0,0,0,1,1,8,10.0,2025-10-22,1610612751,BKN,14:42,0.8,0.8,0.158,0.0,0.0,0.0,16.7,0.0,0.0,0.0,115.6,87.1,28.5,32.0,0.088
0022500080,1610612751,Brooklyn,Nets,BKN,nets,1642962,Drake,Powell,D. Powell,drake-powell,,,,7:12,1,1,1.0,0,0,0.0,0,0,0.0,0,2,2,0,0,0,1,4,2,-2.0,2025-10-22,1610612751,BKN,7:12,1.0,1.0,0.143,0.0,0.0,0.0,50.0,0.0,0.167,0.111,78.6,86.7,-8.1,14.0,-0.095
0022500080,1610612751,Brooklyn,Nets,BKN,nets,1642849,Nolan,Traore,N. Traore,nolan-traore,,,,8:53,1,3,0.333,1,2,0.5,0,0,0.0,0,0,0,1,2,0,0,1,3,-8.0,2025-10-22,1610612751,BKN,8:53,0.5,0.5,0.13,0.25,0.0,25.0,0.0,0.0,0.0,0.0,71.4,121.1,-49.6,21.0,0.09
0022500080,1610612751,Brooklyn,Nets,BKN,nets,1642874,Danny,Wolf,D. Wolf,danny-wolf,,DND - Injury/Illness,,,0,0,0.0,0,0,0.0,0,0,0.0,0,0,0,0,0,0,0,0,0,0.0,2025-10-22,1610612751,BKN,,0.0,0.0,0.0,0.0,0.0,0.0,0.0,0.0,0.0,0.0,0.0,0.0,0.0,0.0,0.0
0022500003,1610612752,New York,Knicks,NYK,knicks,1628384,OG,Anunoby,O. Anunoby,og-anunoby,F,,,37:30,9,17,0.529,4,9,0.444,2,4,0.5,2,12,14,2,3,1,4,0,24,10.0,2025-10-22,1610612752,NYK,37:30,0.647,0.64,0.25,0.091,0.5,8.0,16.0,0.057,0.3,0.187,121.0,103.5,17.5,81.0,0.189
0022500003,1610612752,New York,Knicks,NYK,knicks,1626157,Karl-Anthony,Towns,K. Towns,karl-anthony-towns,F,,,30:60,5,12,0.417,1,4,0.25,8,9,0.889,1,10,11,2,0,0,3,4,19,2.0,2025-10-22,1610612752,NYK,30:60,0.458,0.595,0.243,0.105,0.67,10.0,15.0,0.033,0.333,0.183,114.9,108.7,6.2,67.0,0.139
0022500003,1610612752,New York,Knicks,NYK,knicks,1630574,Ariel,Hukporti,A. Hukporti,ariel-hukporti,C,,,17:45,1,2,0.5,0,0,0.0,0,0,0.0,1,4,5,2,0,1,1,3,2,-4.0,2025-10-22,1610612752,NYK,17:45,0.5,0.5,0.073,0.182,2.0,40.0,20.0,0.048,0.25,0.135,100.0,110.8,-10.8,37.0,0.06
0022500003,1610612752,New York,Knicks,NYK,knicks,1628969,Mikal,Bridges,M. Bridges,mikal-bridges,G,,,33:12,6,11,0.545,1,3,0.333,3,3,1.0,1,4,5,6,3,2,0,3,16,1.0,2025-10-22,1610612752,NYK,33:12,0.591,0.649,0.146,0.353,0.0,33.3,0.0,0.029,0.114,0.071,106.5,106.6,-0.1,77.0,0.174
0022500003,1610612752,New York,Knicks,NYK,knicks,1628973,Jalen,Brunson,J. Brunson,jalen-brunson,G,,,34:23,5,18,0.278,1,9,0.111,12,13,0.923,0,4,4,5,0,0,2,3,23,6.0,2025-10-22,1610612752,NYK,34:23,0.306,0.485,0.31,0.25,2.5,16.1,6.5,0.0,0.103,0.055,110.1,102.5,7.6,79.0,0.099
0022500003,1610612752,New York,Knicks,NYK,knicks,1627824,Guerschon,Yabusele,G. Yabusele,guerschon-yabusele,,,,12:02,0,2,0.0,0,1,0.0,0,0,0.0,1,0,1,0,0,0,0,1,0,4.0,2025-10-22,1610612752,NYK,12:02,0.0,0.0,0.069,0.0,0.0,0.0,0.0,0.077,0.0,0.034,112.5,92.0,20.5,24.0,-0.062
0022500003,1610612752,New York,Knicks,NYK,knicks,1630540,Miles,McBride,M. McBride,miles-mcbride,,,,25:52,4,7,0.571,4,6,0.667,3,4,0.75,1,1,2,1,1,0,2,4,15,17.0,2025-10-22,1610612752,NYK,25:52,0.857,0.856,0.169,0.056,0.5,8.3,16.7,0.042,0.036,0.038,123.0,95.1,27.9,61.0,0.081
0022500003,1610612752,New York,Knicks,NYK,knicks,1641998,Trey,Jemison III,T. Jemison III,trey-jemison-iii,,,,7:41,0,0,0.0,0,0,0.0,0,0,0.0,1,1,2,0,0,0,0,0,0,3.0,2025-10-22,1610612752,NYK,7:41,0.0,0.0,0.0,0.0,0.0,0.0,0.0,0.143,0.167,0.154,129.4,118.8,10.7,17.0,0.042
0022500003,1610612752,New York,Knicks,NYK,knicks,1629013,Landry,Shamet,L. Shamet,landry-shamet,,,,13:49,2,4,0.5,2,3,0.667,3,3,1.0,0,2,2,1,1,0,1,1,9,-5.0,2025-10-22,1610612752,NYK,13:49,0.75,0.846,0.171,0.143,1.0,14.3,14.3,0.0,0.133,0.063,87.9,103.0,-15.2,33.0,0.2
0022500003,1610612752,New York,Knicks,NYK,knicks,203903,Jordan,Clarkson,J. Clarkson,jordan-clarkson,,,,13:09,2,7,0.286,0,2,0.0,0,0,0.0,1,0,1,1,0,0,0,2,4,4.0,2025-10-22,1610612752,NYK,13:09,0.286,0.286,0.241,0.111,0.0,12.5,0.0,0.071,0.0,0.042,120.8,100.0,20.8,24.0,-0.035
0022500003,1610612752,New York,Knicks,NYK,knicks,1642278,Tyler,Kolek,T. Kolek,tyler-kolek,,,,13:37,3,6,0.5,1,3,0.333,0,0,0.0,0,1,1,2,0,0,0,2,7,2.0,2025-10-22,1610612752,NYK,13:37,0.583,0.583,0.188,0.222,0.0,25.0,0.0,0.0,0.1,0.04,123.1,107.1,15.9,26.0,0.096
0022500003,1610612752,New York,Knicks,NYK,knicks,1642359,Pacôme,Dadiet,P. Dadiet,pacôme-dadiet,,DNP - Coach's Decision,,,0,0,0.0,0,0,0.0,0,0,0.0,0,0,0,0,0,0,0,0,0,0.0,2025-10-22,1610612752,NYK,,0.0,0.0,0.0,0.0,0.0,0.0,0.0,0.0,0.0,0.0,0.0,0.0,0.0,0.0,0.0
0022500003,1610612752,New York,Knicks,NYK,knicks,1642885,Mohamed,Diawara,M. Diawara,mohamed-diawara,,DNP - Coach's Decision,,,0,0,0.0,0,0,0.0,0,0,0.0,0,0,0,0,0,0,0,0,0,0.0,2025-10-22,1610612752,NYK,,0.0,0.0,0.0,0.0,0.0,0.0,0.0,0.0,0.0,0.0,0.0,0.0,0.0,0.0,0.0
0022500003,1610612739,Cleveland,Cavaliers,CLE,cavaliers,1630596,Evan,Mobley,E. Mobley,evan-mobley,F,,,35:56,8,18,0.444,4,8,0.5,2,5,0.4,0,8,8,3,3,1,3,3,22,0.0,2025-10-22,1610612739,CLE,35:56,0.556,0.545,0.258,0.136,1.0,11.5,11.5,0.0,0.222,0.11,106.1,106.1,0.0,82.0,0.127
0022500003,1610612739,Cleveland,Cavaliers,CLE,cavaliers,1642281,Jaylon,Tyson,J. Tyson,jaylon-tyson,F,,,20:13,2,4,0.5,1,3,0.333,0,0,0.0,1,1,2,1,0,1,2,4,5,-6.0,2025-10-22,1610612739,CLE,20:13,0.625,0.625,0.14,0.071,0.5,14.3,28.6,0.056,0.048,0.051,105.0,117.1,-12.1,40.0,0.0
0022500003,1610612739,Cleveland,Cavaliers,CLE,cavaliers,1628386,Jarrett,Allen,J. Allen,jarrett-allen,C,,,28:13,1,4,0.25,0,0,0.0,2,4,0.5,0,4,4,1,2,0,1,0,4,-4.0,2025-10-22,1610612739,CLE,28:13,0.25,0.347,0.106,0.043,1.0,12.5,12.5,0.0,0.148,0.069,104.8,114.8,-10.0,63.0,0.047
0022500003,1610612739,Cleveland,Cavaliers,CLE,cavaliers,1630241,Sam,Merrill,S. Merrill,sam-merrill,G,,,28:22,6,11,0.545,5,10,0.5,2,2,1.0,1,2,3,1,0,0,1,6,19,-1.0,2025-10-22,1610612739,CLE,28:22,0.773,0.8,0.191,0.056,1.0,7.1,7.1,0.032,0.071,0.051,107.8,109.4,-1.6,64.0,0.098
0022500003,1610612739,Cleveland,Cavaliers,CLE,cavaliers,1628378,Donovan,Mitchell,D. Mitchell,donovan-mitchell,G,,,35:53,12,25,0.48,2,9,0.222,5,5,1.0,0,2,2,5,2,1,3,2,31,-14.0,2025-10-22,1610612739,CLE,35:53,0.52,0.57,0.357,0.278,1.67,14.3,8.6,0.0,0.065,0.03,101.2,123.1,-21.8,81.0,0.163
0022500003,1610612739,Cleveland,Cavaliers,CLE,cavaliers,1629731,Dean,Wade,D. Wade,dean-wade,,,,28:07,3,3,1.0,3,3,1.0,1,2,0.5,0,2,2,0,1,1,0,4,10,0.0,2025-10-22,1610612739,CLE,28:07,1.5,1.289,0.059,0.0,0.0,0.0,0.0,0.0,0.063,0.033,109.5,106.2,3.4,63.0,0.073
0022500003,1610612739,Cleveland,Cavaliers,CLE,cavaliers,1628366,Lonzo,Ball,L. Ball,lonzo-ball,,,,23:29,1,7,0.143,1,7,0.143,0,0,0.0,1,3,4,6,0,0,4,0,3,-3.0,2025-10-22,1610612739,CLE,23:29,0.214,0.214,0.183,0.333,1.5,35.3,23.5,0.034,0.12,0.074,98.2,107.4,-9.2,56.0,0.029
0022500003,1610612739,Cleveland,Cavaliers,CLE,cavaliers,1641854,Craig,Porter Jr.,C. Porter Jr.,craig-porter-jr,,,,6:43,1,2,0.5,0,1,0.0,0,0,0.0,0,0,0,1,0,0,0,1,2,-9.0,2025-10-22,1610612739,CLE,6:43,0.5,0.5,0.143,0.2,0.0,33.3,0.0,0.0,0.0,0.0,107.7,164.3,-56.6,13.0,0.028
0022500003,1610612739,Cleveland,Cavaliers,CLE,cavaliers,1626204,Larry,Nance Jr.,L. Nance Jr.,larry-nance-jr,,,,16:59,4,7,0.571,2,2,1.0,0,0,0.0,1,5,6,1,0,0,1,3,10,-2.0,2025-10-22,1610612739,CLE,16:59,0.714,0.714,0.205,0.1,1.0,11.1,11.1,0.071,0.227,0.167,102.8,108.3,-5.6,36.0,0.152
0022500003,1610612739,Cleveland,Cavaliers,CLE,cavaliers,1642878,Tyrese,Proctor,T. Proctor,tyrese-proctor,,,,16:06,2,5,0.4,1,3,0.333,0,0,0.0,0,1,1,2,0,0,0,2,5,-1.0,2025-10-22,1610612739,CLE,16:06,0.5,0.5,0.135,0.2,0.0,28.6,0.0,0.0,0.05,0.029,97.1,100.0,-2.9,35.0,0.059
0022500003,1610612739,Cleveland,Cavaliers,CLE,cavaliers,1628418,Thomas,Bryant,T. Bryant,thomas-bryant,,DNP - Coach's Decision,,,0,0,0.0,0,0,0.0,0,0,0.0,0,0,0,0,0,0,0,0,0,0.0,2025-10-22,1610612739,CLE,,0.0,0.0,0.0,0.0,0.0,0.0,0.0,0.0,0.0,0.0,0.0,0.0,0.0,0.0,0.0
0022500003,1610612739,Cleveland,Cavaliers,CLE,cavaliers,1641772,Nae'Qwan,Tomlin,N. Tomlin,naeqwan-tomlin,,DNP - Coach's Decision,,,0,0,0.0,0,0,0.0,0,0,0.0,0,0,0,0,0,0,0,0,0,0.0,2025-10-22,1610612739,CLE,,0.0,0.0,0.0,0.0,0.0,0.0,0.0,0.0,0.0,0.0,0.0,0.0,0.0,0.0,0.0
0022500003,1610612739,Cleveland,Cavaliers,CLE,cavaliers,1631247,Luke,Travers,L. Travers,luke-travers,,DNP - Coach's Decision,,,0,0,0.0,0,0,0.0,0,0,0.0,0,0,0,0,0,0,0,0,0,0.0,2025-10-22,1610612739,CLE,,0.0,0.0,0.0,0.0,0.0,0.0,0.0,0.0,0.0,0.0,0.0,0.0,0.0,0.0,0.0
0022500081,1610612753,Orlando,Magic,ORL,magic,1630532,Franz,Wagner,F. Wagner,franz-wagner,F,,,35:30,9,17,0.529,2,5,0.4,4,6,0.667,0,4,4,6,2,0,2,5,24,5.0,2025-10-22,1610612753,ORL,35:30,0.588,0.611,0.237,0.24,3.0,21.4,7.1,0.0,0.108,0.056,117.4,112.9,4.5,86.0,0.112
0022500081,1610612753,Orlando,Magic,ORL,magic,1631094,Paolo,Banchero,P. Banchero,paolo-banchero,F,,,35:23,7,17,0.412,1,3,0.333,9,12,0.75,0,11,11,1,1,1,2,1,24,-2.0,2025-10-22,1610612753,ORL,35:23,0.441,0.539,0.27,0.056,0.5,4.0,8.0,0.0,0.262,0.136,101.3,103.8,-2.5,80.0,0.173
0022500081,1610612753,Orlando,Magic,ORL,magic,1628976,Wendell,Carter Jr.,W. Carter Jr.,wendell-carter-jr,C,,,29:30,2,5,0.4,0,1,0.0,5,5,1.0,5,3,8,1,1,1,2,4,9,-7.0,2025-10-22,1610612753,ORL,29:30,0.4,0.625,0.12,0.056,0.5,10.0,20.0,0.152,0.091,0.121,98.5,107.4,-8.8,67.0,0.08
0022500081,1610612753,Orlando,Magic,ORL,magic,1630217,Desmond,Bane,D. Bane,desmond-bane,G,,,32:31,7,18,0.389,3,6,0.5,6,6,1.0,0,4,4,3,0,2,4,4,23,-3.0,2025-10-22,1610612753,ORL,32:31,0.472,0.557,0.305,0.188,0.75,10.7,14.3,0.0,0.108,0.055,101.4,104.0,-2.6,74.0,0.104
0022500081,1610612753,Orlando,Magic,ORL,magic,1630591,Jalen,Suggs,J. Suggs,jalen-suggs,G,,,16:30,6,7,0.857,2,3,0.667,0,0,0.0,0,4,4,2,2,0,2,3,14,15.0,2025-10-22,1610612753,ORL,16:30,1.0,1.0,0.2,0.182,1.0,18.2,18.2,0.0,0.19,0.108,127.5,85.7,41.8,40.0,0.248
0022500081,1610612753,Orlando,Magic,ORL,magic,1626145,Tyus,Jones,T. Jones,tyus-jones,,,,23:30,0,4,0.0,0,3,0.0,0,0,0.0,1,1,2,3,0,1,2,0,0,-17.0,2025-10-22,1610612753,ORL,23:30,0.0,0.0,0.1,0.167,1.5,33.3,22.2,0.037,0.042,0.039,96.4,129.6,-33.3,55.0,-0.008
0022500081,1610612753,Orlando,Magic,ORL,magic,1628371,Jonathan,Isaac,J. Isaac,jonathan-isaac,,,,7:02,0,1,0.0,0,1,0.0,0,0,0.0,0,1,1,0,1,0,0,0,0,-6.0,2025-10-22,1610612753,ORL,7:02,0.0,0.0,0.056,0.0,0.0,0.0,0.0,0.0,0.1,0.053,68.8,106.3,-37.5,16.0,0.038
0022500081,1610612753,Orlando,Magic,ORL,magic,1641710,Anthony,Black,A. Black,anthony-black,,,,23:19,3,9,0.333,1,2,0.5,0,0,0.0,0,3,3,3,0,1,0,2,7,13.0,2025-10-22,1610612753,ORL,23:19,0.389,0.389,0.153,0.13,0.0,25.0,0.0,0.0,0.125,0.061,134.0,107.4,26.6,53.0,0.045
0022500081,1610612753,Orlando,Magic,ORL,magic,1629048,Goga,Bitadze,G. Bitadze,goga-bitadze,,,,18:30,3,4,0.75,0,1,0.0,2,2,1.0,3,5,8,4,1,1,0,1,8,11.0,2025-10-22,1610612753,ORL,18:30,0.75,0.82,0.104,0.211,0.0,44.4,0.0,0.158,0.25,0.205,134.1,106.7,27.4,44.0,0.161
0022500081,1610612753,Orlando,Magic,ORL,magic,1641783,Tristan,da Silva,T. da Silva,tristan-da-silva,,,,18:15,5,8,0.625,3,5,0.6,3,4,0.75,0,1,1,0,0,0,1,0,16,11.0,2025-10-22,1610612753,ORL,18:15,0.813,0.82,0.229,0.0,0.0,0.0,9.1,0.0,0.059,0.026,135.7,107.0,28.7,42.0,0.115
0022500081,1610612753,Orlando,Magic,ORL,magic,1641724,Jett,Howard,J. Howard,jett-howard,,DNP - Coach's Decision,,,0,0,0.0,0,0,0.0,0,0,0.0,0,0,0,0,0,0,0,0,0,0.0,2025-10-22,1610612753,ORL,,0.0,0.0,0.0,0.0,0.0,0.0,0.0,0.0,0.0,0.0,0.0,0.0,0.0,0.0,0.0
0022500081,1610612753,Orlando,Magic,ORL,magic,1642869,Noah,Penda,N. Penda,noah-penda,,DNP - Coach's Decision,,,0,0,0.0,0,0,0.0,0,0,0.0,0,0,0,0,0,0,0,0,0,0.0,2025-10-22,1610612753,ORL,,0.0,0.0,0.0,0.0,0.0,0.0,0.0,0.0,0.0,0.0,0.0,0.0,0.0,0.0,0.0
0022500081,1610612753,Orlando,Magic,ORL,magic,1642859,Jase,Richardson,J. Richardson,jase-richardson,,DNP - Coach's Decision,,,0,0,0.0,0,0,0.0,0,0,0.0,0,0,0,0,0,0,0,0,0,0.0,2025-10-22,1610612753,ORL,,0.0,0.0,0.0,0.0,0.0,0.0,0.0,0.0,0.0,0.0,0.0,0.0,0.0,0.0,0.0
0022500081,1610612748,Miami,Heat,MIA,heat,203952,Andrew,Wiggins,A. Wiggins,andrew-wiggins,F,,,31:51,6,12,0.5,1,5,0.2,5,7,0.714,0,4,4,1,1,1,1,4,18,-21.0,2025-10-22,1610612748,MIA,31:51,0.542,0.597,0.186,0.048,1.0,5.9,5.9,0.0,0.133,0.057,96.0,125.7,-29.7,75.0,0.083
0022500081,1610612748,Miami,Heat,MIA,heat,1631107,Nikola,Jović,N. Jović,nikola-jović,F,,,23:07,2,6,0.333,2,3,0.667,3,4,0.75,0,3,3,0,1,0,3,2,9,8.0,2025-10-22,1610612748,MIA,23:07,0.5,0.58,0.183,0.0,0.0,0.0,27.3,0.0,0.125,0.063,107.1,94.5,12.6,56.0,0.033
0022500081,1610612748,Miami,Heat,MIA,heat,1628389,Bam,Adebayo,B. Adebayo,bam-adebayo,C,,,34:12,4,13,0.308,1,5,0.2,6,7,0.857,3,9,12,2,0,0,4,3,15,-2.0,2025-10-22,1610612748,MIA,34:12,0.346,0.466,0.225,0.091,0.5,9.1,18.2,0.073,0.243,0.154,100.0,103.9,-3.9,78.0,0.088
0022500081,1610612748,Miami,Heat,MIA,heat,1626181,Norman,Powell,N. Powell,norman-powell,G,,,36:25,9,19,0.474,4,8,0.5,6,7,0.857,2,7,9,4,1,1,3,4,28,12.0,2025-10-22,1610612748,MIA,36:25,0.579,0.634,0.26,0.167,1.33,13.8,10.3,0.05,0.171,0.111,112.8,100.0,12.8,86.0,0.154
0022500081,1610612748,Miami,Heat,MIA,heat,1630558,Davion,Mitchell,D. Mitchell,davion-mitchell,G,,,34:46,7,15,0.467,2,6,0.333,0,0,0.0,2,4,6,12,2,1,1,4,16,2.0,2025-10-22,1610612748,MIA,34:46,0.533,0.533,0.176,0.522,12.0,42.9,3.6,0.053,0.103,0.078,109.8,107.3,2.4,82.0,0.148
0022500081,1610612748,Miami,Heat,MIA,heat,1631170,Jaime,Jaquez Jr.,J. Jaquez Jr.,jaime-jaquez-jr,,,,29:49,6,7,0.857,0,1,0.0,1,2,0.5,1,5,6,1,2,0,2,3,13,-1.0,2025-10-22,1610612748,MIA,29:49,0.857,0.825,0.125,0.048,0.5,9.1,18.2,0.029,0.132,0.083,107.2,111.9,-4.7,69.0,0.115
0022500081,1610612748,Miami,Heat,MIA,heat,1642276,Kel'el,Ware,K. Ware,kelel-ware,,,,13:48,3,5,0.6,1,2,0.5,0,0,0.0,1,3,4,0,1,1,1,2,7,-2.0,2025-10-22,1610612748,MIA,13:48,0.7,0.7,0.162,0.0,0.0,0.0,16.7,0.083,0.2,0.148,126.5,132.4,-5.9,34.0,0.075
0022500081,1610612748,Miami,Heat,MIA,heat,1631323,Simone,Fontecchio,S. Fontecchio,simone-fontecchio,,,,18:58,6,9,0.667,1,3,0.333,0,0,0.0,1,1,2,1,0,0,1,2,13,-9.0,2025-10-22,1610612748,MIA,18:58,0.722,0.722,0.204,0.067,1.0,9.1,9.1,0.056,0.05,0.053,114.0,134.9,-20.9,43.0,0.092
0022500081,1610612748,Miami,Heat,MIA,heat,1630696,Dru,Smith,D. Smith,dru-smith,,,,13:14,1,4,0.25,0,1,0.0,0,0,0.0,0,1,1,5,1,0,1,2,2,-6.0,2025-10-22,1610612748,MIA,13:14,0.25,0.25,0.139,0.385,5.0,50.0,10.0,0.0,0.077,0.036,100.0,127.6,-27.6,31.0,0.05
0022500081,1610612748,Miami,Heat,MIA,heat,1641796,Pelle,Larsson,P. Larsson,pelle-larsson,,,,3:50,0,1,0.0,0,1,0.0,0,0,0.0,0,0,0,0,0,0,0,2,0,-1.0,2025-10-22,1610612748,MIA,3:50,0.0,0.0,0.111,0.0,0.0,0.0,0.0,0.0,0.0,0.0,122.2,133.3,-11.1,9.0,-0.122
0022500081,1610612748,Miami,Heat,MIA,heat,1642066,Myron,Gardner,M. Gardner,myron-gardner,,DNP - Coach's Decision,,,0,0,0.0,0,0,0.0,0,0,0.0,0,0,0,0,0,0,0,0,0,0.0,2025-10-22,1610612748,MIA,,0.0,0.0,0.0,0.0,0.0,0.0,0.0,0.0,0.0,0.0,0.0,0.0,0.0,0.0,0.0
0022500081,1610612748,Miami,Heat,MIA,heat,1642884,Vladislav,Goldin,V. Goldin,vladislav-goldin,,DNP - Coach's Decision,,,0,0,0.0,0,0,0.0,0,0,0.0,0,0,0,0,0,0,0,0,0,0.0,2025-10-22,1610612748,MIA,,0.0,0.0,0.0,0.0,0.0,0.0,0.0,0.0,0.0,0.0,0.0,0.0,0.0,0.0,0.0
0022500081,1610612748,Miami,Heat,MIA,heat,1642352,Keshad,Johnson,K. Johnson,keshad-johnson,,DNP - Coach's Decision,,,0,0,0.0,0,0,0.0,0,0,0.0,0,0,0,0,0,0,0,0,0,0.0,2025-10-22,1610612748,MIA,,0.0,0.0,0.0,0.0,0.0,0.0,0.0,0.0,0.0,0.0,0.0,0.0,0.0,0.0,0.0
0022500081,1610612748,Miami,Heat,MIA,heat,1626179,Terry,Rozier,T. Rozier,terry-rozier,,DNP - Coach's Decision,,,0,0,0.0,0,0,0.0,0,0,0.0,0,0,0,0,0,0,0,0,0,0.0,2025-10-22,1610612748,MIA,,0.0,0.0,0.0,0.0,0.0,0.0,0.0,0.0,0.0,0.0,0.0,0.0,0.0,0.0,0.0
0022500083,1610612738,Boston,Celtics,BOS,celtics,1627759,Jaylen,Brown,J. Brown,jaylen-brown,F,,,36:14,9,18,0.5,2,4,0.5,5,6,0.833,0,6,6,4,0,0,2,4,25,0.0,2025-10-22,1610612738,BOS,36:14,0.556,0.606,0.259,0.167,2.0,15.4,7.7,0.0,0.154,0.079,120.0,121.6,-1.6,75.0,0.136
0022500083,1610612738,Boston,Celtics,BOS,celtics,1630573,Sam,Hauser,S. Hauser,sam-hauser,F,,,22:24,2,6,0.333,2,6,0.333,2,2,1.0,0,2,2,1,0,0,3,3,8,8.0,2025-10-22,1610612738,BOS,22:24,0.5,0.581,0.189,0.053,0.33,9.1,27.3,0.0,0.087,0.044,123.4,106.4,17.0,47.0,0.013
0022500083,1610612738,Boston,Celtics,BOS,celtics,1629674,Neemias,Queta,N. Queta,neemias-queta,C,,,25:07,7,8,0.875,0,0,0.0,3,4,0.75,2,6,8,0,0,0,2,6,17,2.0,2025-10-22,1610612738,BOS,25:07,0.875,0.871,0.218,0.0,0.0,0.0,16.7,0.091,0.25,0.174,126.5,117.6,8.9,49.0,0.169
0022500083,1610612738,Boston,Celtics,BOS,celtics,1630202,Payton,Pritchard,P. Pritchard,payton-pritchard,G,,,37:09,6,14,0.429,1,7,0.143,3,4,0.75,2,3,5,2,2,0,2,3,16,6.0,2025-10-22,1610612738,BOS,37:09,0.464,0.508,0.2,0.077,1.0,10.0,10.0,0.048,0.077,0.062,119.5,111.7,7.8,77.0,0.072
0022500083,1610612738,Boston,Celtics,BOS,celtics,1628401,Derrick,White,D. White,derrick-white,G,,,35:25,7,20,0.35,4,13,0.308,7,7,1.0,0,3,3,4,1,1,0,1,25,-3.0,2025-10-22,1610612738,BOS,35:25,0.45,0.542,0.271,0.167,0.0,14.8,0.0,0.0,0.081,0.041,113.2,118.7,-5.5,76.0,0.152
0022500083,1610612738,Boston,Celtics,BOS,celtics,1630214,Xavier,Tillman,X. Tillman,xavier-tillman,,,,15:39,2,8,0.25,0,3,0.0,0,0,0.0,3,4,7,1,2,1,0,4,4,0.0,2025-10-22,1610612738,BOS,15:39,0.25,0.25,0.216,0.083,0.0,11.1,0.0,0.167,0.235,0.2,118.8,111.8,7.0,32.0,0.044
0022500083,1610612738,Boston,Celtics,BOS,celtics,1631169,Josh,Minott,J. Minott,josh-minott,,,,14:11,1,1,1.0,0,0,0.0,0,0,0.0,2,0,2,2,0,0,0,4,2,-6.0,2025-10-22,1610612738,BOS,14:11,1.0,1.0,0.026,0.222,0.0,66.7,0.0,0.1,0.0,0.061,96.7,109.4,-12.7,30.0,0.02
0022500083,1610612738,Boston,Celtics,BOS,celtics,1629014,Anfernee,Simons,A. Simons,anfernee-simons,,,,32:17,5,10,0.5,2,6,0.333,1,1,1.0,1,3,4,1,1,1,0,2,13,-5.0,2025-10-22,1610612738,BOS,32:17,0.6,0.623,0.13,0.043,0.0,9.1,0.0,0.031,0.1,0.065,119.4,125.0,-5.6,67.0,0.095
0022500083,1610612738,Boston,Celtics,BOS,celtics,1628449,Chris,Boucher,C. Boucher,chris-boucher,,,,15:50,2,4,0.5,0,2,0.0,2,2,1.0,0,4,4,1,1,0,0,0,6,-4.0,2025-10-22,1610612738,BOS,15:50,0.5,0.615,0.125,0.111,0.0,16.7,0.0,0.0,0.267,0.121,91.7,102.8,-11.1,36.0,0.238
0022500083,1610612738,Boston,Celtics,BOS,celtics,1630568,Luka,Garza,L. Garza,luka-garza,,,,5:44,0,2,0.0,0,2,0.0,0,0,0.0,0,1,1,0,0,1,2,1,0,-3.0,2025-10-22,1610612738,BOS,5:44,0.0,0.0,0.25,0.0,0.0,0.0,50.0,0.0,0.125,0.067,85.7,100.0,-14.3,14.0,-0.156
0022500083,1610612738,Boston,Celtics,BOS,celtics,1642864,Hugo,González,H. González,hugo-gonzález,,DNP - Coach's Decision,,,0,0,0.0,0,0,0.0,0,0,0.0,0,0,0,0,0,0,0,0,0,0.0,2025-10-22,1610612738,BOS,,0.0,0.0,0.0,0.0,0.0,0.0,0.0,0.0,0.0,0.0,0.0,0.0,0.0,0.0,0.0
0022500083,1610612738,Boston,Celtics,BOS,celtics,1631248,Baylor,Scheierman,B. Scheierman,baylor-scheierman,,DNP - Coach's Decision,,,0,0,0.0,0,0,0.0,0,0,0.0,0,0,0,0,0,0,0,0,0,0.0,2025-10-22,1610612738,BOS,,0.0,0.0,0.0,0.0,0.0,0.0,0.0,0.0,0.0,0.0,0.0,0.0,0.0,0.0,0.0
0022500083,1610612738,Boston,Celtics,BOS,celtics,1642917,Max,Shulga,M. Shulga,max-shulga,,DNP - Coach's Decision,,,0,0,0.0,0,0,0.0,0,0,0.0,0,0,0,0,0,0,0,0,0,0.0,2025-10-22,1610612738,BOS,,0.0,0.0,0.0,0.0,0.0,0.0,0.0,0.0,0.0,0.0,0.0,0.0,0.0,0.0,0.0
0022500083,1610612738,Boston,Celtics,BOS,celtics,1641775,Jordan,Walsh,J. Walsh,jordan-walsh,,DNP - Coach's Decision,,,0,0,0.0,0,0,0.0,0,0,0.0,0,0,0,0,0,0,0,0,0,0.0,2025-10-22,1610612738,BOS,,0.0,0.0,0.0,0.0,0.0,0.0,0.0,0.0,0.0,0.0,0.0,0.0,0.0,0.0,0.0
0022500083,1610612755,Philadelphia,76ers,PHI,sixers,1626162,Kelly,Oubre Jr.,K. Oubre Jr.,kelly-oubre-jr,F,,,33:33,2,6,0.333,2,6,0.333,4,4,1.0,0,4,4,1,0,1,2,1,10,-8.0,2025-10-22,1610612755,PHI,33:33,0.5,0.644,0.125,0.05,0.5,9.1,18.2,0.0,0.103,0.054,104.2,112.3,-8.1,71.0,0.082
0022500083,1610612755,Philadelphia,76ers,PHI,sixers,1631230,Dominick,Barlow,D. Barlow,dominick-barlow,F,,,34:24,4,8,0.5,0,3,0.0,5,6,0.833,5,3,8,5,0,1,2,3,13,1.0,2025-10-22,1610612755,PHI,34:24,0.5,0.611,0.148,0.217,2.5,29.4,11.8,0.132,0.079,0.105,116.9,115.5,1.4,71.0,0.104
0022500083,1610612755,Philadelphia,76ers,PHI,sixers,203954,Joel,Embiid,J. Embiid,joel-embiid,C,,,20:18,1,9,0.111,0,4,0.0,2,2,1.0,1,5,6,2,0,1,0,2,4,-16.0,2025-10-22,1610612755,PHI,20:18,0.111,0.202,0.227,0.167,0.0,16.7,0.0,0.045,0.263,0.146,95.1,131.0,-35.8,41.0,0.027
0022500083,1610612755,Philadelphia,76ers,PHI,sixers,1642845,VJ,Edgecombe,V. Edgecombe,vj-edgecombe,G,,,42:12,13,26,0.5,5,13,0.385,3,6,0.5,1,6,7,3,1,0,2,1,34,-2.0,2025-10-22,1610612755,PHI,42:12,0.596,0.594,0.301,0.143,1.5,8.8,5.9,0.022,0.13,0.076,114.8,119.8,-5.0,88.0,0.163
0022500083,1610612755,Philadelphia,76ers,PHI,sixers,1630178,Tyrese,Maxey,T. Maxey,tyrese-maxey,G,,,41:24,13,24,0.542,7,9,0.778,7,8,0.875,0,2,2,6,2,1,1,5,40,3.0,2025-10-22,1610612755,PHI,41:24,0.688,0.727,0.302,0.3,6.0,17.1,2.9,0.0,0.047,0.024,118.8,114.0,4.9,85.0,0.206
0022500083,1610612755,Philadelphia,76ers,PHI,sixers,1629656,Quentin,Grimes,Q. Grimes,quentin-grimes,,,,31:38,3,8,0.375,2,5,0.4,2,4,0.5,0,5,5,5,0,0,5,3,10,18.0,2025-10-22,1610612755,PHI,31:38,0.5,0.512,0.188,0.179,1.0,25.0,25.0,0.0,0.152,0.081,135.3,110.4,24.8,68.0,0.041
0022500083,1610612755,Philadelphia,76ers,PHI,sixers,1641737,Adem,Bona,A. Bona,adem-bona,,,,14:45,0,0,0.0,0,0,0.0,0,0,0.0,1,2,3,1,0,0,2,3,0,4.0,2025-10-22,1610612755,PHI,14:45,0.0,0.0,0.054,0.077,0.5,33.3,66.7,0.071,0.111,0.094,115.6,106.5,9.2,32.0,-0.027
0022500083,1610612755,Philadelphia,76ers,PHI,sixers,1631133,Jabari,Walker,J. Walker,jabari-walker,,,,18:57,3,4,0.75,0,1,0.0,0,0,0.0,2,2,4,0,0,0,0,3,6,3.0,2025-10-22,1610612755,PHI,18:57,0.75,0.75,0.083,0.0,0.0,0.0,0.0,0.118,0.133,0.125,128.2,120.5,7.7,39.0,0.074
0022500083,1610612755,Philadelphia,76ers,PHI,sixers,1642348,Justin,Edwards,J. Edwards,justin-edwards,,,,0:06,0,0,0.0,0,0,0.0,0,0,0.0,0,0,0,0,0,0,0,0,0,0.0,2025-10-22,1610612755,PHI,0:06,0.0,0.0,0.0,0.0,0.0,0.0,0.0,0.0,0.0,0.0,0.0,0.0,0.0,0.0,0.0
0022500083,1610612755,Philadelphia,76ers,PHI,sixers,203083,Andre,Drummond,A. Drummond,andre-drummond,,,,2:43,0,0,0.0,0,0,0.0,0,0,0.0,0,1,1,0,0,0,0,2,0,2.0,2025-10-22,1610612755,PHI,2:43,0.0,0.0,0.0,0.0,0.0,0.0,0.0,0.0,0.333,0.2,133.3,85.7,47.6,6.0,-0.118
0022500083,1610612755,Philadelphia,76ers,PHI,sixers,1641780,Johni,Broome,J. Broome,johni-broome,,DNP - Coach's Decision,,,0,0,0.0,0,0,0.0,0,0,0.0,0,0,0,0,0,0,0,0,0,0.0,2025-10-22,1610612755,PHI,,0.0,0.0,0.0,0.0,0.0,0.0,0.0,0.0,0.0,0.0,0.0,0.0,0.0,0.0,0.0
0022500083,1610612755,Philadelphia,76ers,PHI,sixers,201569,Eric,Gordon,E. Gordon,eric-gordon,,DNP - Coach's Decision,,,0,0,0.0,0,0,0.0,0,0,0.0,0,0,0,0,0,0,0,0,0,0.0,2025-10-22,1610612755,PHI,,0.0,0.0,0.0,0.0,0.0,0.0,0.0,0.0,0.0,0.0,0.0,0.0,0.0,0.0,0.0
0022500083,1610612755,Philadelphia,76ers,PHI,sixers,200768,Kyle,Lowry,K. Lowry,kyle-lowry,,DNP - Coach's Decision,,,0,0,0.0,0,0,0.0,0,0,0.0,0,0,0,0,0,0,0,0,0,0.0,2025-10-22,1610612755,PHI,,0.0,0.0,0.0,0.0,0.0,0.0,0.0,0.0,0.0,0.0,0.0,0.0,0.0,0.0,0.0
0022500088,1610612756,Phoenix,Suns,PHX,suns,1628415,Dillon,Brooks,D. Brooks,dillon-brooks,F,,,33:54,9,24,0.375,1,8,0.125,3,3,1.0,1,3,4,3,2,1,2,5,22,2.0,2025-10-22,1610612756,PHX,33:54,0.396,0.434,0.287,0.136,1.5,10.0,6.7,0.023,0.083,0.051,112.0,110.8,1.2,75.0,0.072
0022500088,1610612756,Phoenix,Suns,PHX,suns,1642346,Ryan,Dunn,R. Dunn,ryan-dunn,F,,,24:43,4,9,0.444,1,4,0.25,0,2,0.0,5,5,10,3,1,3,0,2,9,-7.0,2025-10-22,1610612756,PHX,24:43,0.5,0.455,0.147,0.167,0.0,23.1,0.0,0.161,0.192,0.175,107.5,118.5,-11.0,53.0,0.142
0022500088,1610612756,Phoenix,Suns,PHX,suns,1642345,Oso,Ighodaro,O. Ighodaro,oso-ighodaro,C,,,19:23,3,5,0.6,0,0,0.0,1,1,1.0,1,3,4,1,0,0,1,3,7,-2.0,2025-10-22,1610612756,PHX,19:23,0.6,0.643,0.109,0.063,1.0,14.3,14.3,0.036,0.136,0.08,100.0,109.8,-9.8,43.0,0.074
0022500088,1610612756,Phoenix,Suns,PHX,suns,1628960,Grayson,Allen,G. Allen,grayson-allen,G,,,35:35,6,12,0.5,3,7,0.429,3,3,1.0,1,4,5,7,1,0,4,3,18,1.0,2025-10-22,1610612756,PHX,35:35,0.625,0.676,0.187,0.269,1.75,29.2,16.7,0.03,0.095,0.067,116.9,117.1,-0.2,77.0,0.122
0022500088,1610612756,Phoenix,Suns,PHX,suns,1626164,Devin,Booker,D. Booker,devin-booker,G,,,36:22,10,19,0.526,1,3,0.333,10,15,0.667,2,3,5,3,1,0,6,5,31,1.0,2025-10-22,1610612756,PHX,36:22,0.553,0.605,0.313,0.13,0.5,8.8,17.6,0.043,0.077,0.059,110.0,110.1,-0.1,80.0,0.101
0022500088,1610612756,Phoenix,Suns,PHX,suns,1631221,Collin,Gillespie,C. Gillespie,collin-gillespie,,,,22:20,3,9,0.333,1,4,0.25,0,0,0.0,2,0,2,4,1,1,0,2,7,9.0,2025-10-22,1610612756,PHX,22:20,0.389,0.389,0.164,0.211,0.0,30.8,0.0,0.08,0.0,0.043,127.9,107.0,20.9,43.0,0.059
0022500088,1610612756,Phoenix,Suns,PHX,suns,1631109,Mark,Williams,M. Williams,mark-williams,,,,23:39,3,5,0.6,0,0,0.0,0,0,0.0,2,9,11,0,0,2,1,2,6,15.0,2025-10-22,1610612756,PHX,23:39,0.6,0.6,0.097,0.0,0.0,0.0,16.7,0.091,0.346,0.229,120.8,104.3,16.5,53.0,0.143
0022500088,1610612756,Phoenix,Suns,PHX,suns,1626220,Royce,O'Neale,R. O'Neale,royce-oneale,,,,29:03,4,8,0.5,3,7,0.429,1,2,0.5,2,3,5,2,1,0,1,2,12,3.0,2025-10-22,1610612756,PHX,29:03,0.688,0.676,0.125,0.077,2.0,16.7,8.3,0.063,0.111,0.085,124.6,127.9,-3.3,65.0,0.081
0022500088,1610612756,Phoenix,Suns,PHX,suns,1628502,Nigel,Hayes-Davis,N. Hayes-Davis,nigel-hayes-davis,,,,10:19,0,1,0.0,0,1,0.0,0,0,0.0,0,2,2,0,0,0,0,0,0,4.0,2025-10-22,1610612756,PHX,10:19,0.0,0.0,0.043,0.0,0.0,0.0,0.0,0.0,0.143,0.1,119.0,105.0,14.0,21.0,0.024
0022500088,1610612756,Phoenix,Suns,PHX,suns,1630208,Nick,Richards,N. Richards,nick-richards,,,,4:42,3,3,1.0,0,0,0.0,2,2,1.0,2,1,3,0,0,0,0,1,8,-6.0,2025-10-22,1610612756,PHX,4:42,1.0,1.031,0.333,0.0,0.0,0.0,0.0,0.5,0.5,0.5,144.4,190.0,-45.6,9.0,0.277
0022500088,1610612756,Phoenix,Suns,PHX,suns,1642886,Koby,Brea,K. Brea,koby-brea,,DNP - Coach's Decision,,,0,0,0.0,0,0,0.0,0,0,0.0,0,0,0,0,0,0,0,0,0,0.0,2025-10-22,1610612756,PHX,,0.0,0.0,0.0,0.0,0.0,0.0,0.0,0.0,0.0,0.0,0.0,0.0,0.0,0.0,0.0
0022500088,1610612756,Phoenix,Suns,PHX,suns,1642853,Rasheer,Fleming,R. Fleming,rasheer-fleming,,DNP - Coach's Decision,,,0,0,0.0,0,0,0.0,0,0,0.0,0,0,0,0,0,0,0,0,0,0.0,2025-10-22,1610612756,PHX,,0.0,0.0,0.0,0.0,0.0,0.0,0.0,0.0,0.0,0.0,0.0,0.0,0.0,0.0,0.0
0022500088,1610612756,Phoenix,Suns,PHX,suns,1630692,Jordan,Goodwin,J. Goodwin,jordan-goodwin,,DNP - Coach's Decision,,,0,0,0.0,0,0,0.0,0,0,0.0,0,0,0,0,0,0,0,0,0,0.0,2025-10-22,1610612756,PHX,,0.0,0.0,0.0,0.0,0.0,0.0,0.0,0.0,0.0,0.0,0.0,0.0,0.0,0.0,0.0
0022500088,1610612756,Phoenix,Suns,PHX,suns,1630587,Isaiah,Livers,I. Livers,isaiah-livers,,DNP - Coach's Decision,,,0,0,0.0,0,0,0.0,0,0,0.0,0,0,0,0,0,0,0,0,0,0.0,2025-10-22,1610612756,PHX,,0.0,0.0,0.0,0.0,0.0,0.0,0.0,0.0,0.0,0.0,0.0,0.0,0.0,0.0,0.0
0022500088,1610612756,Phoenix,Suns,PHX,suns,1642863,Khaman,Maluach,K. Maluach,khaman-maluach,,DNP - Coach's Decision,,,0,0,0.0,0,0,0.0,0,0,0.0,0,0,0,0,0,0,0,0,0,0.0,2025-10-22,1610612756,PHX,,0.0,0.0,0.0,0.0,0.0,0.0,0.0,0.0,0.0,0.0,0.0,0.0,0.0,0.0,0.0
0022500088,1610612758,Sacramento,Kings,SAC,kings,201942,DeMar,DeRozan,D. DeRozan,demar-derozan,F,,,37:25,12,17,0.706,1,2,0.5,4,9,0.444,2,4,6,9,2,1,1,2,29,9.0,2025-10-22,1610612758,SAC,37:25,0.735,0.692,0.226,0.321,9.0,30.0,3.3,0.049,0.103,0.075,121.0,107.2,13.8,81.0,0.22
0022500088,1610612758,Sacramento,Kings,SAC,kings,1642363,Nique,Clifford,N. Clifford,nique-clifford,F,,,23:41,1,3,0.333,0,0,0.0,0,0,0.0,3,5,8,2,2,1,1,4,2,3.0,2025-10-22,1610612758,SAC,23:41,0.333,0.333,0.069,0.083,2.0,33.3,16.7,0.13,0.167,0.151,121.6,113.5,8.1,51.0,0.054
0022500088,1610612758,Sacramento,Kings,SAC,kings,1629234,Drew,Eubanks,D. Eubanks,drew-eubanks,C,,,21:54,1,4,0.25,0,0,0.0,2,4,0.5,1,3,4,0,2,4,2,1,4,-7.0,2025-10-22,1610612758,SAC,21:54,0.25,0.347,0.154,0.0,0.0,0.0,25.0,0.045,0.1,0.077,104.3,114.3,-10.0,47.0,0.038
0022500088,1610612758,Sacramento,Kings,SAC,kings,203897,Zach,LaVine,Z. LaVine,zach-lavine,G,,,34:33,13,24,0.542,2,10,0.2,2,3,0.667,0,2,2,1,0,0,2,3,30,-6.0,2025-10-22,1610612758,SAC,34:33,0.583,0.592,0.31,0.05,0.5,3.6,7.1,0.0,0.048,0.025,106.6,114.5,-7.9,76.0,0.122
0022500088,1610612758,Sacramento,Kings,SAC,kings,203471,Dennis,Schröder,D. Schröder,dennis-schröder,G,,,29:44,6,13,0.462,2,4,0.5,0,0,0.0,0,1,1,7,2,1,4,3,14,-8.0,2025-10-22,1610612758,SAC,29:44,0.538,0.538,0.23,0.304,1.75,29.2,16.7,0.0,0.03,0.015,112.5,123.1,-10.6,64.0,0.087
0022500088,1610612758,Sacramento,Kings,SAC,kings,1642875,Maxime,Raynaud,M. Raynaud,maxime-raynaud,,,,11:29,0,1,0.0,0,0,0.0,0,0,0.0,0,4,4,2,0,0,1,1,0,-3.0,2025-10-22,1610612758,SAC,11:29,0.0,0.0,0.074,0.182,2.0,50.0,25.0,0.0,0.308,0.16,95.8,104.0,-8.2,24.0,0.067
0022500088,1610612758,Sacramento,Kings,SAC,kings,1628370,Malik,Monk,M. Monk,malik-monk,,,,27:23,7,13,0.538,3,4,0.75,2,2,1.0,0,1,1,2,0,0,0,2,19,-9.0,2025-10-22,1610612758,SAC,27:23,0.654,0.684,0.215,0.111,0.0,12.5,0.0,0.0,0.034,0.018,116.1,132.1,-16.1,56.0,0.133
0022500088,1610612758,Sacramento,Kings,SAC,kings,203967,Dario,Šarić,D. Šarić,dario-šarić,,,,7:28,0,2,0.0,0,0,0.0,0,0,0.0,1,2,3,0,0,0,0,0,0,-5.0,2025-10-22,1610612758,SAC,7:28,0.0,0.0,0.105,0.0,0.0,0.0,0.0,0.143,0.2,0.176,81.3,120.0,-38.8,16.0,0.018
0022500088,1610612758,Sacramento,Kings,SAC,kings,201566,Russell,Westbrook,R. Westbrook,russell-westbrook,,,,18:48,2,8,0.25,0,2,0.0,2,3,0.667,1,5,6,1,0,1,2,0,6,2.0,2025-10-22,1610612758,SAC,18:48,0.25,0.322,0.25,0.059,0.5,8.3,16.7,0.056,0.227,0.15,121.1,110.0,11.1,38.0,0.052
0022500088,1610612758,Sacramento,Kings,SAC,kings,1631165,Keon,Ellis,K. Ellis,keon-ellis,,,,12:58,4,5,0.8,1,2,0.5,0,0,0.0,0,1,1,0,1,0,0,1,9,-2.0,2025-10-22,1610612758,SAC,12:58,0.9,0.9,0.161,0.0,0.0,0.0,0.0,0.0,0.091,0.037,108.0,120.8,-12.8,25.0,0.191
0022500088,1610612758,Sacramento,Kings,SAC,kings,1642928,Dylan,Cardwell,D. Cardwell,dylan-cardwell,,,,14:37,1,4,0.25,0,0,0.0,1,2,0.5,1,0,1,0,1,2,0,5,3,6.0,2025-10-22,1610612758,SAC,14:37,0.25,0.307,0.132,0.0,0.0,0.0,0.0,0.059,0.0,0.036,146.7,126.7,20.0,30.0,-0.064
0022500088,1610612758,Sacramento,Kings,SAC,kings,1642269,Devin,Carter,D. Carter,devin-carter,,DNP - Coach's Decision,,,0,0,0.0,0,0,0.0,0,0,0.0,0,0,0,0,0,0,0,0,0,0.0,2025-10-22,1610612758,SAC,,0.0,0.0,0.0,0.0,0.0,0.0,0.0,0.0,0.0,0.0,0.0,0.0,0.0,0.0,0.0
0022500088,1610612758,Sacramento,Kings,SAC,kings,203926,Doug,McDermott,D. McDermott,doug-mcdermott,,DNP - Coach's Decision,,,0,0,0.0,0,0,0.0,0,0,0.0,0,0,0,0,0,0,0,0,0,0.0,2025-10-22,1610612758,SAC,,0.0,0.0,0.0,0.0,0.0,0.0,0.0,0.0,0.0,0.0,0.0,0.0,0.0,0.0,0.0
0022500088,1610612758,Sacramento,Kings,SAC,kings,1631342,Daeqwon,Plowden,D. Plowden,daeqwon-plowden,,DNP - Coach's Decision,,,0,0,0.0,0,0,0.0,0,0,0.0,0,0,0,0,0,0,0,0,0,0.0,2025-10-22,1610612758,SAC,,0.0,0.0,0.0,0.0,0.0,0.0,0.0,0.0,0.0,0.0,0.0,0.0,0.0,0.0,0.0
0022500088,1610612758,Sacramento,Kings,SAC,kings,1641815,Isaiah,Stevens,I. Stevens,isaiah-stevens,,DNP - Coach's Decision,,,0,0,0.0,0,0,0.0,0,0,0.0,0,0,0,0,0,0,0,0,0,0.0,2025-10-22,1610612758,SAC,,0.0,0.0,0.0,0.0,0.0,0.0,0.0,0.0,0.0,0.0,0.0,0.0,0.0,0.0,0.0
0022500004,1610612742,Dallas,Mavericks,DAL,mavericks,1629023,P.J.,Washington,P. Washington,pj-washington,F,,,29:25,7,11,0.636,2,3,0.667,1,1,1.0,1,4,5,1,0,1,2,4,17,-20.0,2025-10-22,1610612742,DAL,29:25,0.727,0.743,0.197,0.077,0.5,7.1,14.3,0.032,0.148,0.086,91.7,125.0,-33.3,60.0,0.118
0022500004,1610612742,Dallas,Mavericks,DAL,mavericks,203076,Anthony,Davis,A. Davis,anthony-davis,F,,,32:29,7,22,0.318,2,4,0.5,6,6,1.0,4,9,13,1,2,1,0,4,22,-24.0,2025-10-22,1610612742,DAL,32:29,0.364,0.446,0.32,0.067,0.0,4.0,0.0,0.103,0.346,0.2,95.5,129.9,-34.4,66.0,0.139
0022500004,1610612742,Dallas,Mavericks,DAL,mavericks,1641726,Dereck,Lively II,D. Lively II,dereck-lively-ii,C,,,10:19,1,2,0.5,0,0,0.0,2,2,1.0,1,1,2,3,0,0,1,5,4,-5.0,2025-10-22,1610612742,DAL,10:19,0.5,0.694,0.143,0.429,3.0,42.9,14.3,0.067,0.1,0.08,80.0,92.6,-12.6,25.0,0.042
0022500004,1610612742,Dallas,Mavericks,DAL,mavericks,202691,Klay,Thompson,K. Thompson,klay-thompson,G,,,22:20,4,13,0.308,1,5,0.2,1,1,1.0,1,1,2,1,0,0,1,1,10,-23.0,2025-10-22,1610612742,DAL,22:20,0.346,0.372,0.25,0.083,1.0,6.7,6.7,0.036,0.056,0.043,85.4,133.3,-47.9,48.0,0.016
0022500004,1610612742,Dallas,Mavericks,DAL,mavericks,1642843,Cooper,Flagg,C. Flagg,cooper-flagg,G,,,31:32,4,13,0.308,0,1,0.0,2,2,1.0,1,9,10,0,1,0,3,3,10,-29.0,2025-10-22,1610612742,DAL,31:32,0.308,0.36,0.218,0.0,0.0,0.0,17.6,0.027,0.3,0.149,87.0,127.1,-40.2,69.0,0.041
0022500004,1610612742,Dallas,Mavericks,DAL,mavericks,1630230,Naji,Marshall,N. Marshall,naji-marshall,,,,22:34,0,2,0.0,0,0,0.0,3,4,0.75,0,1,1,1,0,0,0,2,3,-17.0,2025-10-22,1610612742,DAL,22:34,0.0,0.399,0.073,0.091,0.0,20.0,0.0,0.0,0.045,0.02,89.4,122.9,-33.6,47.0,0.0
0022500004,1610612742,Dallas,Mavericks,DAL,mavericks,1631108,Max,Christie,M. Christie,max-christie,,,,25:57,3,4,0.75,3,4,0.75,0,0,0.0,0,0,0,1,0,1,2,0,9,-13.0,2025-10-22,1610612742,DAL,25:57,1.125,1.125,0.097,0.083,0.5,14.3,28.6,0.0,0.0,0.0,94.5,118.2,-23.6,55.0,0.085
0022500004,1610612742,Dallas,Mavericks,DAL,mavericks,1626156,D'Angelo,Russell,D. Russell,dangelo-russell,,,,15:04,1,6,0.167,0,1,0.0,4,6,0.667,0,2,2,3,0,0,1,2,6,-4.0,2025-10-22,1610612742,DAL,15:04,0.167,0.347,0.263,0.5,3.0,23.1,7.7,0.0,0.1,0.05,84.8,94.1,-9.3,33.0,0.034
0022500004,1610612742,Dallas,Mavericks,DAL,mavericks,1642948,Ryan,Nembhard,R. Nembhard,ryan-nembhard,,,,15:31,3,5,0.6,0,1,0.0,2,2,1.0,0,0,0,5,0,0,3,0,8,-4.0,2025-10-22,1610612742,DAL,15:31,0.6,0.68,0.265,0.556,1.67,35.7,21.4,0.0,0.0,0.0,106.5,115.6,-9.2,31.0,0.147
0022500004,1610612742,Dallas,Mavericks,DAL,mavericks,203939,Dwight,Powell,D. Powell,dwight-powell,,,,7:52,0,0,0.0,0,0,0.0,0,0,0.0,0,0,0,1,1,0,1,2,0,-5.0,2025-10-22,1610612742,DAL,7:52,0.0,0.0,0.045,0.167,1.0,50.0,50.0,0.0,0.0,0.0,89.5,122.2,-32.7,19.0,-0.027
0022500004,1610612742,Dallas,Mavericks,DAL,mavericks,1630314,Brandon,Williams,B. Williams,brandon-williams,,,,11:34,0,1,0.0,0,0,0.0,0,2,0.0,0,0,0,2,1,0,1,0,0,-8.0,2025-10-22,1610612742,DAL,11:34,0.0,0.0,0.12,0.25,2.0,40.0,20.0,0.0,0.0,0.0,91.7,130.4,-38.8,24.0,-0.022
0022500004,1610612742,Dallas,Mavericks,DAL,mavericks,1630702,Jaden,Hardy,J. Hardy,jaden-hardy,,,,7:15,1,3,0.333,1,2,0.5,0,0,0.0,0,1,1,0,0,0,0,1,3,-5.0,2025-10-22,1610612742,DAL,7:15,0.5,0.5,0.176,0.0,0.0,0.0,0.0,0.0,0.125,0.067,81.3,120.0,-38.8,16.0,0.041
0022500004,1610612742,Dallas,Mavericks,DAL,mavericks,1628997,Caleb,Martin,C. Martin,caleb-martin,,,,4:04,0,1,0.0,0,0,0.0,0,0,0.0,1,0,1,1,0,0,1,0,0,-4.0,2025-10-22,1610612742,DAL,4:04,0.0,0.0,0.2,0.5,1.0,33.3,33.3,0.25,0.0,0.167,77.8,122.2,-44.4,9.0,-0.048
0022500004,1610612742,Dallas,Mavericks,DAL,mavericks,1630619,Moussa,Cisse,M. Cisse,moussa-cisse,,,,4:04,0,0,0.0,0,0,0.0,0,0,0.0,0,0,0,0,0,0,0,0,0,-4.0,2025-10-22,1610612742,DAL,4:04,0.0,0.0,0.0,0.0,0.0,0.0,0.0,0.0,0.0,0.0,77.8,122.2,-44.4,9.0,0.0
0022500004,1610612759,San Antonio,Spurs,SAS,spurs,1630577,Julian,Champagnie,J. Champagnie,julian-champagnie,F,,,25:24,1,3,0.333,1,2,0.5,2,3,0.667,1,3,4,2,1,0,0,1,5,15.0,2025-10-22,1610612759,SAS,25:24,0.5,0.579,0.067,0.083,0.0,33.3,0.0,0.037,0.097,0.069,126.4,94.5,31.9,53.0,0.069
0022500004,1610612759,San Antonio,Spurs,SAS,spurs,203084,Harrison,Barnes,H. Barnes,harrison-barnes,F,,,30:18,3,7,0.429,1,3,0.333,0,0,0.0,0,2,2,1,0,0,2,2,7,27.0,2025-10-22,1610612759,SAS,30:18,0.5,0.5,0.13,0.034,0.5,10.0,20.0,0.0,0.057,0.032,125.0,85.5,39.5,64.0,0.019
0022500004,1610612759,San Antonio,Spurs,SAS,spurs,1641705,Victor,Wembanyama,V. Wembanyama,victor-wembanyama,C,,,29:41,15,21,0.714,1,2,0.5,9,11,0.818,1,14,15,1,1,3,0,4,40,31.0,2025-10-22,1610612759,SAS,29:41,0.738,0.774,0.362,0.059,0.0,3.8,0.0,0.038,0.4,0.246,126.6,80.6,45.9,64.0,0.432
0022500004,1610612759,San Antonio,Spurs,SAS,spurs,1630170,Devin,Vassell,D. Vassell,devin-vassell,G,,,30:56,6,14,0.429,1,4,0.25,0,1,0.0,1,2,3,4,2,0,0,0,13,25.0,2025-10-22,1610612759,SAS,30:56,0.464,0.45,0.189,0.148,0.0,22.2,0.0,0.037,0.054,0.047,126.9,90.9,36.0,67.0,0.106
0022500004,1610612759,San Antonio,Spurs,SAS,spurs,1642264,Stephon,Castle,S. Castle,stephon-castle,G,,,28:32,8,12,0.667,1,3,0.333,5,10,0.5,2,5,7,6,2,0,5,2,22,24.0,2025-10-22,1610612759,SAS,28:32,0.708,0.671,0.313,0.286,1.2,22.2,18.5,0.077,0.147,0.117,128.3,86.9,41.4,60.0,0.183
0022500004,1610612759,San Antonio,Spurs,SAS,spurs,1628436,Luke,Kornet,L. Kornet,luke-kornet,,,,15:47,1,3,0.333,0,0,0.0,0,0,0.0,1,3,4,3,0,2,1,3,2,5.0,2025-10-22,1610612759,SAS,15:47,0.333,0.333,0.095,0.2,3.0,42.9,14.3,0.048,0.167,0.103,114.7,97.1,17.6,34.0,0.067
0022500004,1610612759,San Antonio,Spurs,SAS,spurs,1629640,Keldon,Johnson,K. Johnson,keldon-johnson,,,,24:39,5,6,0.833,1,1,1.0,0,0,0.0,2,3,5,2,1,0,0,2,11,10.0,2025-10-22,1610612759,SAS,24:39,0.917,0.917,0.094,0.105,0.0,25.0,0.0,0.069,0.103,0.086,109.6,94.0,15.6,52.0,0.192
0022500004,1610612759,San Antonio,Spurs,SAS,spurs,1642844,Dylan,Harper,D. Harper,dylan-harper,,,,22:41,7,14,0.5,1,2,0.5,0,2,0.0,1,3,4,2,0,0,4,5,15,5.0,2025-10-22,1610612759,SAS,22:41,0.536,0.504,0.339,0.118,0.5,9.5,19.0,0.042,0.125,0.083,117.4,102.1,15.3,46.0,0.031
0022500004,1610612759,San Antonio,Spurs,SAS,spurs,1629162,Jordan,McLaughlin,J. McLaughlin,jordan-mclaughlin,,,,8:08,1,2,0.5,0,1,0.0,0,0,0.0,0,0,0,1,1,0,0,1,2,3.0,2025-10-22,1610612759,SAS,8:08,0.5,0.5,0.105,0.111,0.0,33.3,0.0,0.0,0.0,0.0,116.7,100.0,16.7,18.0,0.061
0022500004,1610612759,San Antonio,Spurs,SAS,spurs,1642868,Carter,Bryant,C. Bryant,carter-bryant,,,,9:16,0,2,0.0,0,1,0.0,0,0,0.0,0,2,2,0,0,0,0,0,0,5.0,2025-10-22,1610612759,SAS,9:16,0.0,0.0,0.095,0.0,0.0,0.0,0.0,0.0,0.2,0.125,121.1,90.0,31.1,19.0,0.0
0022500004,1610612759,San Antonio,Spurs,SAS,spurs,202687,Bismack,Biyombo,B. Biyombo,bismack-biyombo,,,,4:56,0,0,0.0,0,0,0.0,0,0,0.0,0,1,1,0,2,0,2,2,0,3.0,2025-10-22,1610612759,SAS,4:56,0.0,0.0,0.167,0.0,0.0,0.0,100.0,0.0,0.2,0.143,130.0,90.9,39.1,10.0,-0.061
0022500004,1610612759,San Antonio,Spurs,SAS,spurs,1631127,Harrison,Ingram,H. Ingram,harrison-ingram,,,,4:04,1,1,1.0,1,1,1.0,0,0,0.0,1,0,1,0,0,0,0,0,3,4.0,2025-10-22,1610612759,SAS,4:04,1.5,1.5,0.091,0.0,0.0,0.0,0.0,0.5,0.0,0.167,122.2,77.8,44.4,9.0,0.333
0022500004,1610612759,San Antonio,Spurs,SAS,spurs,1642357,David,Jones Garcia,D. Jones Garcia,david-jones-garcia,,,,4:04,2,2,1.0,0,0,0.0,1,1,1.0,1,0,1,2,0,0,0,2,5,4.0,2025-10-22,1610612759,SAS,4:04,1.0,1.025,0.182,1.0,0.0,50.0,0.0,0.5,0.0,0.167,122.2,77.8,44.4,9.0,0.524
0022500004,1610612759,San Antonio,Spurs,SAS,spurs,1642434,Riley,Minix,R. Minix,riley-minix,,,,1:34,0,0,0.0,0,0,0.0,0,0,0.0,0,1,1,0,0,0,0,0,0,4.0,2025-10-22,1610612759,SAS,1:34,0.0,0.0,0.0,0.0,0.0,0.0,0.0,0.0,0.5,0.5,150.0,40.0,110.0,4.0,0.25
0022500082,1610612737,Atlanta,Hawks,ATL,hawks,1642258,Zaccharie,Risacher,Z. Risacher,zaccharie-risacher,F,,,20:36,7,13,0.538,2,6,0.333,0,0,0.0,2,0,2,0,0,1,0,1,16,-14.0,2025-10-22,1610612737,ATL,20:36,0.615,0.615,0.217,0.0,0.0,0.0,0.0,0.08,0.0,0.044,101.9,130.8,-28.9,53.0,0.098
0022500082,1610612737,Atlanta,Hawks,ATL,hawks,1630552,Jalen,Johnson,J. Johnson,jalen-johnson,F,,,34:49,7,13,0.538,0,2,0.0,8,10,0.8,0,7,7,8,1,1,3,1,22,-15.0,2025-10-22,1610612737,ATL,34:49,0.538,0.632,0.22,0.364,2.67,28.6,10.7,0.0,0.206,0.099,109.5,125.9,-16.4,84.0,0.154
0022500082,1610612737,Atlanta,Hawks,ATL,hawks,204001,Kristaps,Porziņģis,K. Porziņģis,kristaps-porziņģis,C,,,25:34,5,12,0.417,4,7,0.571,6,6,1.0,2,5,7,2,0,2,2,4,20,-11.0,2025-10-22,1610612737,ATL,25:34,0.583,0.683,0.236,0.111,1.0,10.5,10.5,0.069,0.238,0.14,114.3,129.7,-15.4,63.0,0.115
0022500082,1610612737,Atlanta,Hawks,ATL,hawks,1630700,Dyson,Daniels,D. Daniels,dyson-daniels,G,,,22:44,2,4,0.5,0,1,0.0,0,0,0.0,1,2,3,2,2,0,3,5,4,-3.0,2025-10-22,1610612737,ATL,22:44,0.5,0.5,0.123,0.118,0.67,22.2,33.3,0.042,0.095,0.067,114.8,118.2,-3.4,54.0,0.004
0022500082,1610612737,Atlanta,Hawks,ATL,hawks,1629027,Trae,Young,T. Young,trae-young,G,,,34:18,5,14,0.357,1,7,0.143,11,13,0.846,0,1,1,5,1,0,2,4,22,-14.0,2025-10-22,1610612737,ATL,34:18,0.393,0.558,0.232,0.208,2.5,18.5,7.4,0.0,0.03,0.013,110.5,129.8,-19.3,86.0,0.066
0022500082,1610612737,Atlanta,Hawks,ATL,hawks,1629638,Nickeil,Alexander-Walker,N. Alexander-Walker,nickeil-alexander-walker,,,,28:05,2,15,0.133,1,5,0.2,5,6,0.833,1,3,4,4,1,1,1,2,10,-2.0,2025-10-22,1610612737,ATL,28:05,0.167,0.283,0.264,0.2,4.0,17.4,4.3,0.03,0.1,0.063,98.4,100.0,-1.6,64.0,0.019
0022500082,1610612737,Atlanta,Hawks,ATL,hawks,1630811,Keaton,Wallace,K. Wallace,keaton-wallace,,,,8:41,0,0,0.0,0,0,0.0,0,0,0.0,0,0,0,0,1,0,1,2,0,-11.0,2025-10-22,1610612737,ATL,8:41,0.0,0.0,0.05,0.0,0.0,0.0,100.0,0.0,0.0,0.0,66.7,115.0,-48.3,18.0,-0.082
0022500082,1610612737,Atlanta,Hawks,ATL,hawks,1628379,Luke,Kennard,L. Kennard,luke-kennard,,,,30:27,2,7,0.286,1,5,0.2,1,1,1.0,0,4,4,3,1,0,3,3,6,-16.0,2025-10-22,1610612737,ATL,30:27,0.357,0.403,0.133,0.158,1.0,23.1,23.1,0.0,0.154,0.063,100.0,123.5,-23.5,68.0,0.023
0022500082,1610612737,Atlanta,Hawks,ATL,hawks,1630168,Onyeka,Okongwu,O. Okongwu,onyeka-okongwu,,,,29:45,8,12,0.667,1,2,0.5,1,1,1.0,2,4,6,1,0,0,0,2,18,-19.0,2025-10-22,1610612737,ATL,29:45,0.708,0.723,0.16,0.083,0.0,7.7,0.0,0.053,0.143,0.091,89.7,119.4,-29.7,68.0,0.147
0022500082,1610612737,Atlanta,Hawks,ATL,hawks,1631243,Mouhamed,Gueye,M. Gueye,mouhamed-gueye,,,,5:01,0,0,0.0,0,0,0.0,0,0,0.0,0,0,0,0,0,1,0,0,0,5.0,2025-10-22,1610612737,ATL,5:01,0.0,0.0,0.0,0.0,0.0,0.0,0.0,0.0,0.0,0.0,110.0,60.0,50.0,10.0,0.03
0022500082,1610612737,Atlanta,Hawks,ATL,hawks,1642368,N'Faly,Dante,N. Dante,nfaly-dante,,DNP - Coach's Decision,,,0,0,0.0,0,0,0.0,0,0,0.0,0,0,0,0,0,0,0,0,0,0.0,2025-10-22,1610612737,ATL,,0.0,0.0,0.0,0.0,0.0,0.0,0.0,0.0,0.0,0.0,0.0,0.0,0.0,0.0,0.0
0022500082,1610612737,Atlanta,Hawks,ATL,hawks,1630249,Vít,Krejčí,V. Krejčí,vít-krejčí,,DNP - Coach's Decision,,,0,0,0.0,0,0,0.0,0,0,0.0,0,0,0,0,0,0,0,0,0,0.0,2025-10-22,1610612737,ATL,,0.0,0.0,0.0,0.0,0.0,0.0,0.0,0.0,0.0,0.0,0.0,0.0,0.0,0.0,0.0
0022500082,1610612737,Atlanta,Hawks,ATL,hawks,1642854,Asa,Newell,A. Newell,asa-newell,,DNP - Coach's Decision,,,0,0,0.0,0,0,0.0,0,0,0.0,0,0,0,0,0,0,0,0,0,0.0,2025-10-22,1610612737,ATL,,0.0,0.0,0.0,0.0,0.0,0.0,0.0,0.0,0.0,0.0,0.0,0.0,0.0,0.0,0.0
0022500082,1610612761,Toronto,Raptors,TOR,raptors,1627742,Brandon,Ingram,B. Ingram,brandon-ingram,F,,,26:52,7,16,0.438,0,2,0.0,2,3,0.667,2,7,9,3,2,0,5,3,16,14.0,2025-10-22,1610612761,TOR,26:52,0.438,0.462,0.293,0.12,0.6,12.0,20.0,0.08,0.25,0.17,125.4,104.5,20.9,67.0,0.085
0022500082,1610612761,Toronto,Raptors,TOR,raptors,1630567,Scottie,Barnes,S. Barnes,scottie-barnes,F,,,31:53,9,14,0.643,0,0,0.0,4,4,1.0,0,6,6,9,1,2,1,4,22,9.0,2025-10-22,1610612761,TOR,31:53,0.643,0.698,0.191,0.31,9.0,34.6,3.8,0.0,0.15,0.088,122.8,110.0,12.8,79.0,0.173
0022500082,1610612761,Toronto,Raptors,TOR,raptors,1627751,Jakob,Poeltl,J. Poeltl,jakob-poeltl,C,,,22:22,7,8,0.875,0,0,0.0,0,1,0.0,3,3,6,2,0,1,2,6,14,-3.0,2025-10-22,1610612761,TOR,22:22,0.875,0.829,0.161,0.095,1.0,16.7,16.7,0.136,0.13,0.133,117.9,123.2,-5.4,56.0,0.089
0022500082,1610612761,Toronto,Raptors,TOR,raptors,1629628,RJ,Barrett,R. Barrett,rj-barrett,G,,,29:58,9,12,0.75,2,4,0.5,5,5,1.0,2,6,8,5,2,0,4,5,25,0.0,2025-10-22,1610612761,TOR,29:58,0.833,0.88,0.212,0.192,1.25,21.7,17.4,0.067,0.182,0.127,119.2,116.0,3.2,73.0,0.178
0022500082,1610612761,Toronto,Raptors,TOR,raptors,1630193,Immanuel,Quickley,I. Quickley,immanuel-quickley,G,,,28:42,5,12,0.417,0,7,0.0,3,4,0.75,0,4,4,8,1,0,3,3,13,9.0,2025-10-22,1610612761,TOR,28:42,0.417,0.472,0.205,0.276,2.67,33.3,12.5,0.0,0.129,0.07,120.0,107.1,12.9,70.0,0.085
0022500082,1610612761,Toronto,Raptors,TOR,raptors,1630534,Ochai,Agbaji,O. Agbaji,ochai-agbaji,,,,19:57,2,5,0.4,0,3,0.0,0,0,0.0,1,2,3,1,2,0,0,3,4,15.0,2025-10-22,1610612761,TOR,19:57,0.4,0.4,0.093,0.053,0.0,16.7,0.0,0.053,0.083,0.07,117.4,83.0,34.4,46.0,0.045
0022500082,1610612761,Toronto,Raptors,TOR,raptors,1630572,Sandro,Mamukelashvili,S. Mamukelashvili,sandro-mamukelashvili,,,,17:09,3,6,0.5,1,1,1.0,0,0,0.0,0,4,4,3,0,1,2,4,7,21.0,2025-10-22,1610612761,TOR,17:09,0.583,0.583,0.186,0.176,1.5,27.3,18.2,0.0,0.167,0.105,137.8,76.9,60.9,37.0,0.08
0022500082,1610612761,Toronto,Raptors,TOR,raptors,1641711,Gradey,Dick,G. Dick,gradey-dick,,,,23:58,6,10,0.6,2,4,0.5,7,8,0.875,1,4,5,0,1,0,0,1,21,18.0,2025-10-22,1610612761,TOR,23:58,0.7,0.777,0.233,0.0,0.0,0.0,0.0,0.05,0.138,0.102,129.1,100.0,29.1,55.0,0.194
0022500082,1610612761,Toronto,Raptors,TOR,raptors,1642347,Jamal,Shead,J. Shead,jamal-shead,,,,19:18,3,5,0.6,1,2,0.5,3,4,0.75,1,1,2,5,1,0,2,1,10,11.0,2025-10-22,1610612761,TOR,19:18,0.7,0.74,0.173,0.294,2.5,35.7,14.3,0.053,0.04,0.045,120.0,97.7,22.3,45.0,0.14
0022500082,1610612761,Toronto,Raptors,TOR,raptors,1642367,Jonathan,Mogbo,J. Mogbo,jonathan-mogbo,,,,10:46,2,4,0.5,0,0,0.0,0,0,0.0,1,3,4,0,0,0,0,1,4,2.0,2025-10-22,1610612761,TOR,10:46,0.5,0.5,0.143,0.0,0.0,0.0,0.0,0.091,0.25,0.174,100.0,100.0,0.0,25.0,0.105
0022500082,1610612761,Toronto,Raptors,TOR,raptors,1642419,Jamison,Battle,J. Battle,jamison-battle,,,,9:05,1,3,0.333,0,2,0.0,0,0,0.0,1,2,3,0,0,0,0,0,2,4.0,2025-10-22,1610612761,TOR,9:05,0.333,0.333,0.136,0.0,0.0,0.0,0.0,0.091,0.182,0.136,85.0,68.4,16.6,20.0,0.088
0022500082,1610612761,Toronto,Raptors,TOR,raptors,202066,Garrett,Temple,G. Temple,garrett-temple,,DNP - Coach's Decision,,,0,0,0.0,0,0,0.0,0,0,0.0,0,0,0,0,0,0,0,0,0,0.0,2025-10-22,1610612761,TOR,,0.0,0.0,0.0,0.0,0.0,0.0,0.0,0.0,0.0,0.0,0.0,0.0,0.0,0.0,0.0
