reportPublishedAt,gameDate,gameTime,matchup,team,playerName,status,reason
2025-01-15 17:30:00,01/15/2025,07:00(ET),NYK@PHI,New York Knicks,"Brunson, Jalen",PROBABLE,Injury/Illness - RightShoulder; Soreness
2025-01-15 17:30:00,01/15/2025,07:00(ET),NYK@PHI,New York Knicks,"Dadiet, Pacome",OUT,G League - OnAssignment
2025-01-15 17:30:00,01/15/2025,07:00(ET),NYK@PHI,New York Knicks,"McCullarJr., Kevin",OUT,G League - Two-Way
2025-01-15 17:30:00,01/15/2025,07:00(ET),NYK@PHI,New York Knicks,"Robinson, Mitchell",OUT,Injury/Illness - LeftAnkle;Surgery
2025-01-15 17:30:00,01/15/2025,07:00(ET),NYK@PHI,New York Knicks,"Sims, Jericho",PROBABLE,Injury/Illness - LowerBack;Spasms
2025-01-15 17:30:00,01/15/2025,07:00(ET),NYK@PHI,New York Knicks,"Towns, Karl-Anthony",DOUBTFUL,Injury/Illness - RightThumb; Sprained
2025-01-15 17:30:00,01/15/2025,07:00(ET),NYK@PHI,Philadelphia 76ers,"Drummond, Andre",OUT,Injury/Illness - LeftToe;Sprain
2025-01-15 17:30:00,01/15/2025,07:00(ET),NYK@PHI,Philadelphia 76ers,"Embiid, Joel",OUT,Injury/Illness - LeftFoot;Sprain
2025-01-15 17:30:00,01/15/2025,07:00(ET),NYK@PHI,Philadelphia 76ers,"George, Paul",QUESTIONABLE,Injury/Illness - RightAnkle;Soreness
2025-01-15 17:30:00,01/15/2025,07:00(ET),NYK@PHI,Philadelphia 76ers,"Lowry, Kyle",OUT,Injury/Illness - RightHip;Sprain
2025-01-15 17:30:00,01/15/2025,07:00(ET),NYK@PHI,Philadelphia 76ers,"Martin, Caleb",OUT,Injury/Illness - RightGroin;Soreness
2025-01-15 17:30:00,01/15/2025,07:00(ET),NYK@PHI,Philadelphia 76ers,"Martin, KJ",OUT,Injury/Illness - LeftFoot;Stress Reaction
2025-01-15 17:30:00,01/15/2025,07:00(ET),NYK@PHI,Philadelphia 76ers,"Maxey, Tyrese",QUESTIONABLE,Injury/Illness - LeftHand;Sprain
2025-01-15 17:30:00,01/15/2025,07:00(ET),NYK@PHI,Philadelphia 76ers,"McCain, Jared",OUT,Injury/Illness - LeftKnee;Meniscus Surgery
2025-01-15 17:30:00,01/15/2025,07:30(ET),BOS@TOR,Boston Celtics,"Davison, JD",OUT,G League - Two-Way
2025-01-15 17:30:00,01/15/2025,07:30(ET),BOS@TOR,Boston Celtics,"Watson, Anton",OUT,G League - Two-Way
2025-01-15 17:30:00,01/15/2025,07:30(ET),BOS@TOR,Toronto Raptors,"Chomche, Ulrich",OUT,G League - Two-Way
2025-01-15 17:30:00,01/15/2025,07:30(ET),BOS@TOR,Toronto Raptors,"Lawson, A.J.",OUT,G League - Two-Way
2025-01-15 17:30:00,01/15/2025,07:30(ET),BOS@TOR,Toronto Raptors,"Mogbo, Jonathan",OUT,G League - OnAssignment
2025-01-15 17:30:00,01/15/2025,07:30(ET),BOS@TOR,Toronto Raptors,"Omoruyi, Eugene",OUT,G League - OnAssignment
2025-01-15 17:30:00,01/15/2025,07:30(ET),BOS@TOR,Toronto Raptors,"Quickley, Immanuel",OUT,Injury/Illness - LeftHip;Strain
2025-01-15 17:30:00,01/15/2025,07:30(ET),BOS@TOR,Toronto Raptors,"Walter, Ja'Kobe",OUT,G League - OnAssignment
2025-01-15 17:30:00,01/15/2025,08:00(ET),ATL@CHI,Atlanta Hawks,"Bufkin, Kobe",OUT,Injury/Illness - RightShoulder; Surgery
2025-01-15 17:30:00,01/15/2025,08:00(ET),ATL@CHI,Atlanta Hawks,"Gueye, Mouhamed",QUESTIONABLE,G League - OnAssignment
2025-01-15 17:30:00,01/15/2025,08:00(ET),ATL@CHI,Atlanta Hawks,"Hunter, De'Andre",OUT,Injury/Illness - LeftFoot;Soreness
2025-01-15 17:30:00,01/15/2025,08:00(ET),ATL@CHI,Atlanta Hawks,"Johnson, Jalen",OUT,Injury/Illness - RightShoulder; Inflammation
2025-01-15 17:30:00,01/15/2025,08:00(ET),ATL@CHI,Atlanta Hawks,"NanceJr., Larry",OUT,Injury/Illness - RightHand;Surgery
2025-01-15 17:30:00,01/15/2025,08:00(ET),ATL@CHI,Atlanta Hawks,"Plowden, Daeqwon",AVAILABLE,G League - Two-Way
2025-01-15 17:30:00,01/15/2025,08:00(ET),ATL@CHI,Atlanta Hawks,"Risacher, Zaccharie",OUT,Injury/Illness - LeftAdductor; Irritation
2025-01-15 17:30:00,01/15/2025,08:00(ET),ATL@CHI,Atlanta Hawks,"Wallace, Keaton",AVAILABLE,G League - Two-Way
2025-01-15 17:30:00,01/15/2025,08:00(ET),ATL@CHI,Atlanta Hawks,"Young, Trae",OUT,Injury/Illness - RightRib;Contusion
2025-01-15 17:30:00,01/15/2025,08:00(ET),ATL@CHI,Atlanta Hawks,"Craig, Torrey",OUT,"Injury/Illness - LeftCalf;Contusion, LeftAnkleSprain"
2025-01-15 17:30:00,01/15/2025,08:00(ET),ATL@CHI,Atlanta Hawks,"Dosunmu, Ayo",QUESTIONABLE,Injury/Illness - RightSoleus;Strain
2025-01-15 17:30:00,01/15/2025,08:00(ET),ATL@CHI,Atlanta Hawks,"Liddell, E.J.",OUT,G League - Two-Way
2025-01-15 17:30:00,01/15/2025,08:00(ET),ATL@CHI,Atlanta Hawks,"Miller, Emanuel",OUT,G League - Two-Way
2025-01-15 17:30:00,01/15/2025,08:00(ET),ATL@CHI,Atlanta Hawks,"Sanogo, Adama",OUT,Injury/Illness - RightKnee; Management
2025-01-15 17:30:00,01/15/2025,08:00(ET),ATL@CHI,Atlanta Hawks,"White, Coby",QUESTIONABLE,Injury/Illness - Cervical;Strain
2025-01-15 17:30:00,01/15/2025,08:00(ET),DAL@NOP,Dallas Mavericks,"Doncic, Luka",OUT,Injury/Illness - LeftCalf;Strain
2025-01-15 17:30:00,01/15/2025,08:00(ET),DAL@NOP,Dallas Mavericks,"Edwards, Kessler",OUT,G League - Two-Way
2025-01-15 17:30:00,01/15/2025,08:00(ET),DAL@NOP,Dallas Mavericks,"Exum, Dante",OUT,Injury/Illness - RightWrist;Surgery
2025-01-15 17:30:00,01/15/2025,08:00(ET),DAL@NOP,Dallas Mavericks,"Gortman, Jazian",OUT,G League - Two-Way
2025-01-15 17:30:00,01/15/2025,08:00(ET),DAL@NOP,Dallas Mavericks,"Irving, Kyrie",DOUBTFUL,Injury/Illness - LumbarBack;Sprain
2025-01-15 17:30:00,01/15/2025,08:00(ET),DAL@NOP,Dallas Mavericks,"LivelyII, Dereck",OUT,Injury/Illness - RightAnkle;Sprain
2025-01-15 17:30:00,01/15/2025,08:00(ET),DAL@NOP,New Orleans Pelicans,"BrooksJr., Keion",OUT,G League - Two-Way
2025-01-15 17:30:00,01/15/2025,08:00(ET),DAL@NOP,New Orleans Pelicans,"Ingram, Brandon",OUT,Injury/Illness - LeftAnkle;Sprain
2025-01-15 17:30:00,01/15/2025,08:00(ET),DAL@NOP,New Orleans Pelicans,"Jones, Herbert",OUT,Injury/Illness - RightShoulder;Strain
2025-01-15 17:30:00,01/15/2025,08:00(ET),DAL@NOP,New Orleans Pelicans,"Murray, Dejounte",PROBABLE,Injury/Illness - RightElbow;Bursitis
2025-01-15 17:30:00,01/15/2025,08:00(ET),MEM@SAS,Memphis Grizzlies,"Huff, Jay",PROBABLE,Injury/Illness - LeftKnee;Soreness
2025-01-15 17:30:00,01/15/2025,08:00(ET),MEM@SAS,Memphis Grizzlies,"Jackson, GG",OUT,G League - OnAssignment
2025-01-15 17:30:00,01/15/2025,08:00(ET),MEM@SAS,Memphis Grizzlies,"Pullin, Zyon",OUT,G League - Two-Way
2025-01-15 17:30:00,01/15/2025,08:00(ET),MEM@SAS,Memphis Grizzlies,"Smart, Marcus",OUT,Injury/Illness - RightIndexFinger; PartialExtensorHoodTear
2025-01-15 17:30:00,01/15/2025,08:00(ET),MEM@SAS,Memphis Grizzlies,"Spencer, Cam",OUT,Injury/Illness - LeftThumb;Surgery Recovery
2025-01-15 17:30:00,01/15/2025,08:00(ET),MEM@SAS,Memphis Grizzlies,"WilliamsJr., Vince",OUT,Injury/Illness - RightAnkle;Sprain
2025-01-15 17:30:00,01/15/2025,08:00(ET),MEM@SAS,San Antonio Spurs,"Cissoko, Sidy",OUT,G League - OnAssignment
2025-01-15 17:30:00,01/15/2025,08:00(ET),MEM@SAS,San Antonio Spurs,"DukeJr., David",OUT,G League - Two-Way
2025-01-15 17:30:00,01/15/2025,08:00(ET),MEM@SAS,San Antonio Spurs,"Ingram, Harrison",OUT,G League - Two-Way
2025-01-15 17:30:00,01/15/2025,08:00(ET),MEM@SAS,San Antonio Spurs,"Minix, Riley",OUT,G League - Two-Way
2025-01-15 17:30:00,01/15/2025,08:00(ET),MEM@SAS,San Antonio Spurs,"Sochan, Jeremy",OUT,Injury/Illness - BilateralLowBack; Spasms
2025-01-15 17:30:00,01/15/2025,08:00(ET),ORL@MIL,Orlando Magic,"Bitadze, Goga",OUT,ConcussionProtocol
2025-01-15 17:30:00,01/15/2025,08:00(ET),ORL@MIL,Orlando Magic,"Caldwell-Pope, Kentavious",QUESTIONABLE,Injury/Illness - LeftKnee;Strain
2025-01-15 17:30:00,01/15/2025,08:00(ET),ORL@MIL,Orlando Magic,"Harris, Gary",OUT,Injury/Illness - LeftHamstring;Strain
2025-01-15 17:30:00,01/15/2025,08:00(ET),ORL@MIL,Orlando Magic,"Howard, Jett",DOUBTFUL,Injury/Illness - LeftAnkle;Sprain
2025-01-15 17:30:00,01/15/2025,08:00(ET),ORL@MIL,Orlando Magic,"Suggs, Jalen",OUT,Injury/Illness - Back;Lowbackstrain
2025-01-15 17:30:00,01/15/2025,08:00(ET),ORL@MIL,Orlando Magic,"Wagner, Franz",OUT,ReturntoCompetition Reconditioning
2025-01-15 17:30:00,01/15/2025,08:00(ET),ORL@MIL,Orlando Magic,"Wagner, Moritz",OUT,Injury/Illness - LeftKnee;TornACL
2025-01-15 17:30:00,01/15/2025,08:00(ET),ORL@MIL,Milwaukee Bucks,"Antetokounmpo, Giannis",PROBABLE,Injury/Illness - RightPatella; Tendinopathy
2025-01-15 17:30:00,01/15/2025,08:00(ET),ORL@MIL,Milwaukee Bucks,"Johnson, AJ",OUT,G League - OnAssignment
2025-01-15 17:30:00,01/15/2025,08:00(ET),ORL@MIL,Milwaukee Bucks,"Middleton, Khris",PROBABLE,Injury/Illness - BilateralAnkle;Injury Management
2025-01-15 17:30:00,01/15/2025,08:00(ET),ORL@MIL,Milwaukee Bucks,"Smith, Tyler",OUT,G League - OnAssignment
2025-01-15 17:30:00,01/15/2025,08:00(ET),ORL@MIL,Milwaukee Bucks,"TrentJr., Gary",OUT,Injury/Illness - LeftHip;FlexorStrain
2025-01-15 17:30:00,01/15/2025,09:00(ET),CHA@UTA,Charlotte Hornets,"Diabate, Moussa",OUT,G League - Two-Way
2025-01-15 17:30:00,01/15/2025,09:00(ET),CHA@UTA,Charlotte Hornets,"Mann, Tre",OUT,Injury/Illness - Disc;Irritation
2025-01-15 17:30:00,01/15/2025,09:00(ET),CHA@UTA,Charlotte Hornets,"Williams, Grant",OUT,Injury/Illness - RightACL;Tear
2025-01-15 17:30:00,01/15/2025,09:00(ET),CHA@UTA,Charlotte Hornets,"Wong, Isaiah",OUT,G League - Two-Way
2025-01-15 17:30:00,01/15/2025,09:00(ET),CHA@UTA,Utah Jazz,"Clarkson, Jordan",OUT,Injury/Illness - LeftPlantar;Fasciitis
2025-01-15 17:30:00,01/15/2025,09:00(ET),CHA@UTA,Utah Jazz,"Collins, John",OUT,Injury/Illness - LeftHip;Injury management
2025-01-15 17:30:00,01/15/2025,09:00(ET),CHA@UTA,Utah Jazz,"George, Keyonte",AVAILABLE,Injury/Illness - LeftHeel;
2025-01-15 17:30:00,01/15/2025,09:00(ET),CHA@UTA,Utah Jazz,"Hendricks, Taylor",OUT,Injury/Illness - RightFibula;Fracture
2025-01-15 17:30:00,01/15/2025,09:00(ET),CHA@UTA,Utah Jazz,"Juzang, Johnny",OUT,Injury/Illness - RightHand;Fracture
2025-01-15 17:30:00,01/15/2025,09:00(ET),CHA@UTA,Utah Jazz,"Markkanen, Lauri",OUT,Injury/Illness - LowBack;Spasms
2025-01-15 17:30:00,01/15/2025,09:00(ET),CHA@UTA,Utah Jazz,"Sexton, Collin",OUT,Rest
2025-01-15 17:30:00,01/15/2025,09:00(ET),CHA@UTA,Utah Jazz,"Tshiebwe, Oscar",AVAILABLE,G League - Two-Way
2025-01-15 17:30:00,01/15/2025,09:00(ET),HOU@DEN,Houston Rockets,"Dante, N'Faly",OUT,G League - Two-Way
2025-01-15 17:30:00,01/15/2025,09:00(ET),HOU@DEN,Houston Rockets,"Eason, Tari",DOUBTFUL,Injury/Illness - LeftLowerLeg;Injury Management
2025-01-15 17:30:00,01/15/2025,09:00(ET),HOU@DEN,Houston Rockets,"Landale, Jock",OUT,PersonalReasons
2025-01-15 17:30:00,01/15/2025,09:00(ET),HOU@DEN,Houston Rockets,"McVeigh, Jack",OUT,G League - Two-Way
2025-01-15 17:30:00,01/15/2025,09:00(ET),HOU@DEN,Houston Rockets,"SmithJr., Jabari",OUT,Injury/Illness - LeftMetacarpal; Fracture
2025-01-15 17:30:00,01/15/2025,09:00(ET),HOU@DEN,Denver Nuggets,"Cancar, Vlatko",OUT,Injury/Illness - LeftKnee;Surgery Rehabilitation
2025-01-15 17:30:00,01/15/2025,09:00(ET),HOU@DEN,Denver Nuggets,"Gordon, Aaron",QUESTIONABLE,Injury/Illness - RightCalf;Injury Management
2025-01-15 17:30:00,01/15/2025,09:00(ET),HOU@DEN,Denver Nuggets,"Hall, PJ",OUT,G League - Two-Way
2025-01-15 17:30:00,01/15/2025,09:00(ET),HOU@DEN,Denver Nuggets,"HolmesII, DaRon",OUT,Injury/Illness - RightAchillesTendon; Repair
2025-01-15 17:30:00,01/15/2025,09:00(ET),HOU@DEN,Denver Nuggets,"Jones, Spencer",OUT,G League - Two-Way
2025-01-15 17:30:00,01/15/2025,09:30(ET),GSW@MIN,Golden State Warriors,"Anderson, Kyle",QUESTIONABLE,Injury/Illness - LeftHamstring; Soreness
2025-01-15 17:30:00,01/15/2025,09:30(ET),GSW@MIN,Golden State Warriors,"Green, Draymond",QUESTIONABLE,Injury/Illness - LeftL5-S1;Disc; GeneralIllness
2025-01-15 17:30:00,01/15/2025,09:30(ET),GSW@MIN,Golden State Warriors,"Jackson-Davis, Trayce",PROBABLE,Injury/Illness - RightThumb;Sprain
2025-01-15 17:30:00,01/15/2025,09:30(ET),GSW@MIN,Golden State Warriors,"Kuminga, Jonathan",OUT,Injury/Illness - RightAnkle;Sprain
2025-01-15 17:30:00,01/15/2025,09:30(ET),GSW@MIN,Golden State Warriors,"PaytonII, Gary",PROBABLE,Injury/Illness - LeftCalf;Strain
2025-01-15 17:30:00,01/15/2025,09:30(ET),GSW@MIN,Golden State Warriors,"Podziemski, Brandin",OUT,Injury/Illness - RightAbdominal; InjuryManagement
2025-01-15 17:30:00,01/15/2025,09:30(ET),GSW@MIN,Minnesota Timberwolves,"Dillingham, Rob",OUT,G League - OnAssignment
2025-01-15 17:30:00,01/15/2025,09:30(ET),GSW@MIN,Minnesota Timberwolves,"Edwards, Jesse",OUT,G League - Two-Way
2025-01-15 17:30:00,01/15/2025,09:30(ET),GSW@MIN,Minnesota Timberwolves,"ShannonJr., Terrence",OUT,Injury/Illness - RightMid-foot;Sprain
2025-01-15 17:30:00,01/15/2025,10:00(ET),MIA@LAL,Miami Heat,"Adebayo, Bam",QUESTIONABLE,Injury/Illness - LowerBack;Contusion
2025-01-15 17:30:00,01/15/2025,10:00(ET),MIA@LAL,Miami Heat,"Butler, Jimmy",OUT,TeamSuspension
2025-01-15 17:30:00,01/15/2025,10:00(ET),MIA@LAL,Miami Heat,"Richardson, Josh",OUT,Injury/Illness - RightHeel; Inflammation
2025-01-15 17:30:00,01/15/2025,10:00(ET),MIA@LAL,Miami Heat,"Smith, Dru",OUT,Injury/Illness - LeftAchilles;Surgery
2025-01-15 17:30:00,01/15/2025,10:00(ET),MIA@LAL,Miami Heat,"Ware, Kel'el",PROBABLE,Injury/Illness - RightFoot;Soreness
2025-01-15 17:30:00,01/15/2025,10:00(ET),MIA@LAL,Miami Heat,"Hood-Schifino, Jalen",OUT,Injury/Illness - LeftHamstring;Strain
2025-01-15 17:30:00,01/15/2025,10:00(ET),MIA@LAL,Miami Heat,"James, Bronny",OUT,Injury/Illness - Illness;-
2025-01-15 17:30:00,01/15/2025,10:00(ET),MIA@LAL,Miami Heat,"James, LeBron",PROBABLE,Injury/Illness - LeftFoot;Injury Management
2025-01-15 17:30:00,01/15/2025,10:00(ET),MIA@LAL,Miami Heat,"Vanderbilt, Jarred",OUT,Injury/Illness - RightFoot;Surgery Recovery
2025-01-15 17:30:00,01/15/2025,10:00(ET),MIA@LAL,Miami Heat,"Wood, Christian",OUT,Injury/Illness - LeftKnee;Surgery Recovery
2025-01-15 17:30:00,01/15/2025,10:30(ET),BKN@LAC,Brooklyn Nets,"Bogdanovic, Bojan",OUT,Injury/Illness - LeftFoot;Injury Recovery
2025-01-15 17:30:00,01/15/2025,10:30(ET),BKN@LAC,Brooklyn Nets,"Claxton, Nic",QUESTIONABLE,Injury/Illness - RightHamstring; Tightness
2025-01-15 17:30:00,01/15/2025,10:30(ET),BKN@LAC,Brooklyn Nets,"Johnson, Cameron",OUT,Injury/Illness - RightAnkle;Sprain
2025-01-15 17:30:00,01/15/2025,10:30(ET),BKN@LAC,Brooklyn Nets,"Lewis, Maxwell",OUT,Injury/Illness - LeftTibia;Fracture
2025-01-15 17:30:00,01/15/2025,10:30(ET),BKN@LAC,Brooklyn Nets,"Melton, De'Anthony",OUT,Injury/Illness - LeftKnee;ACLTear
2025-01-15 17:30:00,01/15/2025,10:30(ET),BKN@LAC,Brooklyn Nets,"Simmons, Ben",OUT,Injury/Illness - LowerBack;Injury Management
2025-01-15 17:30:00,01/15/2025,10:30(ET),BKN@LAC,Brooklyn Nets,"Thomas, Cam",OUT,Injury/Illness - LeftHamstring;Strain
2025-01-15 17:30:00,01/15/2025,10:30(ET),BKN@LAC,Brooklyn Nets,"Watford, Trendon",OUT,Injury/Illness - LeftHamstring;Strain
2025-01-15 17:30:00,01/15/2025,10:30(ET),BKN@LAC,LAClippers,"Brown, Kobe",OUT,G League - OnAssignment
2025-01-15 17:30:00,01/15/2025,10:30(ET),BKN@LAC,LAClippers,"Tucker, P.J.",OUT,NotWithTeam
2025-01-15 17:30:00,01/16/2025,07:00(ET),IND@DET,Indiana Pacers,"Dennis, RayJ",QUESTIONABLE,G League - Two-Way
2025-01-15 17:30:00,01/16/2025,07:00(ET),IND@DET,Indiana Pacers,"Freeman, Enrique",QUESTIONABLE,G League - Two-Way
2025-01-15 17:30:00,01/16/2025,07:00(ET),IND@DET,Indiana Pacers,"Haliburton, Tyrese",QUESTIONABLE,Injury/Illness - LeftGroin;Strain
2025-01-15 17:30:00,01/16/2025,07:00(ET),IND@DET,Indiana Pacers,"Jackson, Isaiah",OUT,Injury/Illness - RightAchillesTendon; Tear
2025-01-15 17:30:00,01/16/2025,07:00(ET),IND@DET,Indiana Pacers,"Jackson, Quenton",QUESTIONABLE,G League - Two-Way
2025-01-15 17:30:00,01/16/2025,07:00(ET),IND@DET,Indiana Pacers,"Nesmith, Aaron",QUESTIONABLE,Injury/Illness - LeftAnkle;Sprain
2025-01-15 17:30:00,01/16/2025,07:00(ET),IND@DET,Indiana Pacers,"Wiseman, James",OUT,Injury/Illness - LeftAchillesTendon; Tear
2025-01-15 17:30:00,01/16/2025,07:00(ET),IND@DET,Detroit Pistons,"HarperJr., Ron",OUT,G League - Two-Way
2025-01-15 17:30:00,01/16/2025,07:00(ET),IND@DET,Detroit Pistons,"Ivey, Jaden",OUT,Injury/Illness - LeftFibula;Fracture
2025-01-15 17:30:00,01/16/2025,07:00(ET),IND@DET,Detroit Pistons,"Jenkins, Daniss",OUT,G League - Two-Way
2025-01-15 17:30:00,01/16/2025,07:00(ET),IND@DET,Detroit Pistons,"Klintman, Bobi",OUT,G League - OnAssignment
2025-01-15 17:30:00,01/16/2025,07:00(ET),IND@DET,Detroit Pistons,"Smith, Tolu",OUT,G League - Two-Way
2025-01-15 17:30:00,01/16/2025,07:00(ET),PHX@WAS,Phoenix Suns,"Beal, Bradley",DOUBTFUL,Injury/Illness - LeftAnkle;Sprain
2025-01-15 17:30:00,01/16/2025,07:00(ET),PHX@WAS,Phoenix Suns,"Bridges, Jalen",OUT,G League - Two-Way
2025-01-15 17:30:00,01/16/2025,07:00(ET),PHX@WAS,Phoenix Suns,"Gillespie, Collin",OUT,G League - Two-Way
2025-01-15 17:30:00,01/16/2025,07:00(ET),PHX@WAS,Washington Wizards,"BagleyIII, Marvin",OUT,Injury/Illness - RightKnee;Sprain
2025-01-15 17:30:00,01/16/2025,07:00(ET),PHX@WAS,Washington Wizards,"BaldwinJr., Patrick",OUT,G League - OnAssignment
2025-01-15 17:30:00,01/16/2025,07:00(ET),PHX@WAS,Washington Wizards,"Bey, Saddiq",OUT,Injury/Illness - LeftKnee;ACLSurgery
2025-01-15 17:30:00,01/16/2025,07:00(ET),PHX@WAS,Washington Wizards,"Brogdon, Malcolm",OUT,Injury/Illness - RightFoot;Plantar FasciaContusion
2025-01-15 17:30:00,01/16/2025,07:30(ET),CLE@OKC,Cleveland Cavaliers,"Bates, Emoni",OUT,G League - Two-Way
2025-01-15 17:30:00,01/16/2025,07:30(ET),CLE@OKC,Cleveland Cavaliers,"Jerome, Ty",QUESTIONABLE,Injury/Illness - Illness;Illness
2025-01-15 17:30:00,01/16/2025,07:30(ET),CLE@OKC,Cleveland Cavaliers,"Thor, JT",OUT,G League - Two-Way
2025-01-15 17:30:00,01/16/2025,07:30(ET),CLE@OKC,Cleveland Cavaliers,"Travers, Luke",OUT,G League - Two-Way
